timestamp,lat,lon,head,velocity,,,,,,,
1443783361,29.81204,122.3294,142,7.1,,,,,,,
1443783396,29.81094333,122.330555,0,0,,,,,,,
1443783512,29.806305,122.3330217,0,0,,,,,,,
1443783519,29.80584333,122.3330617,158,0.9,,,,,,,
1443783694,29.79803167,122.336355,164,10.4,,,,,,,
1443783876,29.78948,122.338355,170,10.1,,,,,,,
1443784058,29.78104,122.33951,172,10.1,,,,,,,
1443784240,29.77258,122.3393983,178,9.9,,,,,,,
1443784421,29.764365,122.3396433,180,9.9,,,,,,,
1443784603,29.75632167,122.3396317,176,9.3,,,,,,,
1443784723,29.751185,122.3403,160,9.3,,,,,,,
1443784823,29.74691,122.3414,174,9.5,,,,,,,
1443785005,29.73857667,122.3426217,174,10.3,,,,,,,
1443785187,29.72986167,122.3431767,176,10.4,,,,,,,
1443785369,29.72118,122.342755,178,10.6,,,,,,,
1443785551,29.71211,122.3428217,178,10.6,,,,,,,
1443785733,29.702875,122.342965,176,11,,,,,,,
1443785915,29.69368667,122.3428,180,10.6,,,,,,,
1443786097,29.68463167,122.3426433,180,10.6,,,,,,,
1443786279,29.67566833,122.34251,180,10.4,,,,,,,
1443786461,29.66681,122.342355,180,10.4,,,,,,,
1443786643,29.65796,122.3427317,176,10.4,,,,,,,
1443786825,29.64897667,122.3432217,172,10.6,,,,,,,
1443787007,29.63999,122.344155,172,10.8,,,,,,,
1443787189,29.63087667,122.3455317,174,10.6,,,,,,,
1443787371,29.622,122.34611,178,10.4,,,,,,,
1443787521,29.61468,122.3465767,164,10.1,,,,,,,
1443787655,29.60908667,122.3490433,148,8.7,,,,,,,
1443787815,29.60381833,122.3534217,134,8.5,,,,,,,
1443787997,29.59849667,122.359,138,8.5,,,,,,,
1443788121,29.59546,122.3631767,122,8.1,,,,,,,
1443788185,29.59383,122.365365,140,8.5,,,,,,,
1443788259,29.59108167,122.3669767,156,9.1,,,,,,,
1443788441,29.58372667,122.369665,166,9.5,,,,,,,
1443788623,29.57604667,122.3717767,164,9.1,,,,,,,
1443788681,29.573565,122.3722767,178,9.3,,,,,,,
1443788863,29.56564667,122.3728433,180,9.3,,,,,,,
1443789045,29.55781167,122.37351,174,9.1,,,,,,,
1443789227,29.54974667,122.37331,180,9.7,,,,,,,
1443789409,29.54181833,122.3725433,186,9.3,,,,,,,
1443789591,29.53409,122.3722217,184,9.1,,,,,,,
1443789773,29.52635667,122.3720867,176,8.9,,,,,,,
1443789955,29.51881167,122.3723,182,8.9,,,,,,,
1443790137,29.511285,122.3715767,180,8.9,,,,,,,
1443790319,29.503855,122.371665,178,8.7,,,,,,,
1443790501,29.496385,122.371465,184,8.7,,,,,,,
1443790683,29.488935,122.3710217,184,8.7,,,,,,,
1443790865,29.48147667,122.370555,176,8.5,,,,,,,
1443791047,29.47413667,122.3703317,178,8.5,,,,,,,
1443791155,29.469785,122.3700317,192,8.7,,,,,,,
1443791223,29.467055,122.369955,178,8.5,,,,,,,
1443791405,29.45970667,122.3691867,184,8.7,,,,,,,
1443791587,29.45247667,122.3689767,176,8.5,,,,,,,
1443791769,29.44529,122.368265,188,8.5,,,,,,,
1443791951,29.43804333,122.367365,188,8.7,,,,,,,
1443792119,29.43134,122.3668433,174,8.3,,,,,,,
1443792269,29.42539333,122.367055,190,8.7,,,,,,,
1443792423,29.41925667,122.3666433,174,8.5,,,,,,,
1443792605,29.41196833,122.3665767,180,8.5,,,,,,,
1443792787,29.40465167,122.3665317,174,8.5,,,,,,,
1443792969,29.397305,122.3660433,178,8.5,,,,,,,
1443793151,29.38996833,122.3658867,178,8.7,,,,,,,
1443793333,29.382715,122.365865,178,8.5,,,,,,,
1443793515,29.375465,122.3660867,182,8.7,,,,,,,
1443793697,29.36818167,122.36611,182,8.5,,,,,,,
1443793839,29.362465,122.3651767,196,8.9,,,,,,,
1443793889,29.360475,122.3650217,178,8.5,,,,,,,
1443794071,29.35330167,122.3645767,180,8.5,,,,,,,
1443794253,29.34620167,122.3646433,176,8.3,,,,,,,
1443794435,29.3392,122.364365,186,7.7,,,,,,,
1443794617,29.33241833,122.3644217,182,7.9,,,,,,,
1443794799,29.32568167,122.3641867,178,7.7,,,,,,,
1443794981,29.319,122.3638,180,7.7,,,,,,,
1443795045,29.31668,122.3639433,166,7.5,,,,,,,
1443795221,29.31036,122.3644217,180,7.9,,,,,,,
1443795403,29.30357167,122.364455,176,7.9,,,,,,,
1443795585,29.29679,122.3643867,188,8.1,,,,,,,
1443795767,29.28995167,122.36391,186,7.9,,,,,,,
1443795949,29.28310667,122.3634217,182,8.1,,,,,,,
1443796131,29.276275,122.3635217,184,8.3,,,,,,,
1443796313,29.269385,122.3624317,192,8.3,,,,,,,
1443796479,29.263135,122.36151,178,8.1,,,,,,,
1443796661,29.256235,122.361355,184,8.1,,,,,,,
1443796843,29.24933,122.3609217,184,8.1,,,,,,,
1443797452,29.22611167,122.359455,176,8.3,,,,,,,
1443797453,29.22614833,122.359455,0,0,,,,,,,
1443797459,29.22583167,122.35919,178,0.7,,,,,,,
1443797634,29.21927667,122.3596983,180,8.1,,,,,,,
1443797816,29.21233667,122.3592217,180,8.1,,,,,,,
1443797998,29.20541,122.3588867,184,8.1,,,,,,,
1443798180,29.198655,122.35861,176,7.9,,,,,,,
1443798240,28.55144333,122.342555,180,8.1,,,,,,,
1443798361,29.19200667,122.3587217,182,8.1,,,,,,,
1443798543,29.18519,122.3586867,180,8.1,,,,,,,
1443798725,29.17834667,122.358265,178,8.1,,,,,,,
1443798907,29.17141167,122.35831,182,8.1,,,,,,,
1443799089,29.164465,122.357955,178,7.1,,,,,,,
1443799271,29.15748667,122.3582,176,8.1,,,,,,,
1443799453,29.15063,122.3579983,184,8.1,,,,,,,
1443799635,29.14383167,122.3570433,180,7.9,,,,,,,
1443799817,29.137005,122.356965,184,8.1,,,,,,,
1443799999,29.130165,122.356755,180,7.9,,,,,,,
1443800219,29.12411833,122.356865,174,7.9,,,,,,,
1443800401,29.11721833,122.35691,180,8.1,,,,,,,
1443800583,29.11028,122.35701,182,8.3,,,,,,,
1443800765,29.10333667,122.3572217,188,8.3,,,,,,,
1443800825,29.101055,122.357,172,8.1,,,,,,,
1443800993,29.09214333,122.3573317,184,8.1,,,,,,,
1443801007,29.09404,122.3574,172,8.3,,,,,,,
1443801047,29.09015167,122.357755,168,8.3,,,,,,,
1443801175,29.08519333,122.3584433,182,8.3,,,,,,,
1443801357,29.07818,122.3578767,182,8.1,,,,,,,
1443801539,29.07125,122.3572767,186,8.1,,,,,,,
1443801719,29.06455167,122.3568867,172,8.1,,,,,,,
1443801901,29.05781833,122.3573217,174,7.9,,,,,,,
1443802083,29.05111167,122.3575767,182,7.9,,,,,,,
1443802265,29.04435667,122.3580433,178,7.9,,,,,,,
1443802447,29.0375,122.3582317,178,7.9,,,,,,,
1443802514,28.54447667,122.3426433,174,8.3,,,,,,,
1443802629,29.03064,122.3581217,180,7.9,,,,,,,
1443802811,29.023765,122.3579867,182,8.1,,,,,,,
1443802993,29.01684333,122.35791,178,8.3,,,,,,,
1443803175,29.00992167,122.3572767,188,8.1,,,,,,,
1443803357,29.00305,122.356065,188,8.1,,,,,,,
1443803499,28.99758667,122.3556,174,8.1,,,,,,,
1443803681,28.99052167,122.3557867,178,8.5,,,,,,,
1443803863,28.98554,122.3559767,172,9.1,,,,,,,
1443803981,28.98063167,122.3558767,186,8.7,,,,,,,
1443804163,28.97311833,122.35501,190,8.7,,,,,,,
1443804345,28.96569,122.3540217,182,8.5,,,,,,,
1443804527,28.95837167,122.35311,180,8.5,,,,,,,
1443804709,28.94855,122.3530433,178,8.5,,,,,,,
1443804891,28.94138167,122.3535433,170,8.3,,,,,,,
1443805073,28.93423,122.3542433,174,8.5,,,,,,,
1443805255,28.927075,122.3540433,182,8.3,,,,,,,
1443805365,28.92283167,122.353265,200,8.1,,,,,,,
1443805419,28.920835,122.3527,184,8.3,,,,,,,
1443805601,28.91388667,122.351865,176,8.5,,,,,,,
1443805783,28.90668667,122.3520217,178,8.3,,,,,,,
1443805965,28.899505,122.351355,184,8.3,,,,,,,
1443806147,28.89234333,122.3509867,178,8.3,,,,,,,
1443806197,28.89039,122.3507983,192,8.3,,,,,,,
1443806249,28.888385,122.3506217,174,8.5,,,,,,,
1443806371,28.88362167,122.3503767,188,8.3,,,,,,,
1443806553,28.87659333,122.3495317,190,8.1,,,,,,,
1443806693,28.871165,122.3489867,176,8.3,,,,,,,
1443806788,28.53750167,122.3424767,184,8.1,,,,,,,
1443806875,28.86397167,122.3490433,184,8.3,,,,,,,
1443807057,28.85689,122.348565,182,8.1,,,,,,,
1443807239,28.84980167,122.3480767,182,8.3,,,,,,,
1443807421,28.845085,122.3474217,186,8.1,,,,,,,
1443807603,28.838105,122.3461867,188,8.3,,,,,,,
1443807785,28.83105,122.3449317,188,8.5,,,,,,,
1443807967,28.82384667,122.3445767,180,8.5,,,,,,,
1443808149,28.81419333,122.3433867,184,8.5,,,,,,,
1443808331,28.80690667,122.3429317,182,8.5,,,,,,,
1443808513,28.79958667,122.342365,182,8.7,,,,,,,
1443808695,28.79226167,122.3416,184,8.7,,,,,,,
1443808877,28.78499667,122.3408217,182,8.5,,,,,,,
1443809059,28.77768167,122.340755,182,8.7,,,,,,,
1443809241,28.77030167,122.3400983,180,8.7,,,,,,,
1443809423,28.76284333,122.3399767,178,8.7,,,,,,,
1443809605,28.75533167,122.339565,182,8.7,,,,,,,
1443809787,28.74778,122.339155,178,8.9,,,,,,,
1443809969,28.74021167,122.338755,184,8.9,,,,,,,
1443810151,28.732655,122.3385217,180,8.7,,,,,,,
1443810333,28.72507333,122.3384433,178,8.9,,,,,,,
1443810515,28.717535,122.33811,186,8.7,,,,,,,
1443810697,28.70995167,122.337365,184,8.9,,,,,,,
1443810879,28.704815,122.33711,184,8.9,,,,,,,
1443811061,28.697665,122.3368767,184,8.3,,,,,,,
1443811062,28.536635,122.342465,180,8.1,,,,,,,
1443811243,28.690555,122.3374317,172,8.7,,,,,,,
1443811425,28.68341167,122.33851,170,8.5,,,,,,,
1443811607,28.67635667,122.3397,176,8.3,,,,,,,
1443811789,28.66697667,122.3410433,170,8.3,,,,,,,
1443811971,28.66007167,122.3428983,162,8.3,,,,,,,
1443812099,28.65515,122.343955,178,8.3,,,,,,,
1443812254,28.44123167,122.3058767,354,1.1,,,,,,,
1443812281,28.648035,122.3444433,174,8.5,,,,,,,
1443812463,28.64088667,122.3445433,172,8.3,,,,,,,
1443812645,28.63382667,122.3452767,176,8.5,,,,,,,
1443812827,28.62664,122.3452317,178,8.7,,,,,,,
1443813009,28.61947167,122.3446433,180,8.5,,,,,,,
1443813191,28.612205,122.3443,178,8.5,,,,,,,
1443813373,28.60485,122.3443217,180,8.5,,,,,,,
1443813555,28.597675,122.3442,180,8.1,,,,,,,
1443813737,28.59067667,122.34391,182,8.3,,,,,,,
1443813919,28.583775,122.343265,186,8.1,,,,,,,
1443814101,28.57682167,122.3429317,178,8.1,,,,,,,
1443814283,28.56992333,122.342965,172,8.1,,,,,,,
1443814465,28.56528667,122.34311,182,8.1,,,,,,,
1443814647,28.55836,122.3430317,182,8.1,,,,,,,
1443815336,28.529755,122.3417767,180,7.9,,,,,,,
1443815517,28.52289,122.3413867,180,7.9,,,,,,,
1443815699,28.51604667,122.34101,184,7.9,,,,,,,
1443815881,28.50919,122.3407317,176,8.3,,,,,,,
1443815973,28.505755,122.3411983,162,6.9,,,,,,,
1443816073,28.50424667,122.3425867,122,2.9,,,,,,,
1443816391,28.50412667,122.3445317,0,0,,,,,,,
1443816536,28.443185,122.306055,6,1.5,,,,,,,
1443818191,28.50502667,122.3457317,0,0,,,,,,,
1443819093,28.50698667,122.345755,302,5.2,,,,,,,
1443819173,28.50563167,122.3440867,204,6.6,,,,,,,
1443819355,28.50056,122.341155,214,6.8,,,,,,,
1443819423,28.49858167,122.3402217,198,6.8,,,,,,,
1443819605,28.49327833,122.3377767,192,6.8,,,,,,,
1443819787,28.48768667,122.335865,206,6.8,,,,,,,
1443819969,28.48231833,122.333155,200,6.9,,,,,,,
1443820151,28.47691167,122.3303867,204,6.9,,,,,,,
1443820327,28.47198667,122.32731,220,6.8,,,,,,,
1443820387,28.47084333,122.3256217,240,6.8,,,,,,,
1443820449,28.46938,122.3242317,208,6.8,,,,,,,
1443820631,28.46369333,122.3205867,194,7.9,,,,,,,
1443820689,28.46179333,122.3194433,212,7.9,,,,,,,
1443820819,28.44516,122.306555,36,5.6,,,,,,,
1443820823,28.45747667,122.3168217,198,7.5,,,,,,,
1443820883,28.455515,122.315765,216,7.7,,,,,,,
1443820941,28.45353667,122.315655,170,7.9,,,,,,,
1443821001,28.451585,122.3147433,208,7.5,,,,,,,
1443821181,28.445855,122.3111,224,7.9,,,,,,,
1443821259,28.44364,122.3091433,208,7.7,,,,,,,
1443821459,28.43900167,122.3067867,198,7.5,,,,,,,
1443821515,28.43701167,122.306465,182,7.7,,,,,,,
1443821577,28.43473667,122.3066,168,7.9,,,,,,,
1443821691,28.430655,122.3075533,152,7.7,,,,,,,
1443821749,28.42945667,122.3092767,104,7.1,,,,,,,
1443821841,28.42931,122.3115867,118,2.9,,,,,,,
1443822205,28.43045667,122.3133767,346,3.8,,,,,,,
1443822303,28.432235,122.312265,264,1.5,,,,,,,
1443822699,28.43029,122.312665,0,0,,,,,,,
1443823459,28.428615,122.3113317,198,4.6,,,,,,,
1443823527,28.42772667,122.3093767,270,3.1,,,,,,,
1443823741,28.42968167,122.308755,14,1.9,,,,,,,
1443824085,28.43162667,122.309565,26,1.5,,,,,,,
1443824419,28.433575,122.3104317,24,1.7,,,,,,,
1443825101,28.44560167,122.30701,42,6.9,,,,,,,
1443826147,28.44502167,122.3133433,356,1.5,,,,,,,
1443826427,28.44697167,122.3134767,12,1.7,,,,,,,
1443826699,28.44891833,122.3139767,14,1.5,,,,,,,
1443827109,28.44695667,122.314565,200,8.5,,,,,,,
1443827291,28.44005667,122.3121433,208,8.7,,,,,,,
1443827473,28.433705,122.3084317,196,6.9,,,,,,,
1443827655,28.43344667,122.3064867,324,0.9,,,,,,,
1443827937,28.43539,122.3057767,350,1.7,,,,,,,
1443828229,28.437335,122.3054217,4,1.3,,,,,,,
1443828563,28.439285,122.305465,8,1.5,,,,,,,
1443829383,28.44749,122.30891,60,7.7,,,,,,,
1443829447,28.446465,122.310865,144,7.5,,,,,,,
1443829505,28.44446833,122.3114217,180,7.7,,,,,,,
1443829563,28.44248167,122.3107867,200,7.5,,,,,,,
1443829643,28.44053667,122.3103,170,3.8,,,,,,,
1443830295,28.43878,122.31141,128,1.3,,,,,,,
1443830591,28.440175,122.3098867,304,6.9,,,,,,,
1443830649,28.442135,122.309565,34,7.3,,,,,,,
1443830783,28.44133,122.31151,136,1.7,,,,,,,
1443831663,28.440205,122.30981,260,5.8,,,,,,,
1443831735,28.442175,122.30911,22,7.7,,,,,,,
1443831793,28.443285,122.3107867,78,5,,,,,,,
1443832953,28.441315,122.311755,136,6,,,,,,,
1443833017,28.439315,122.3114217,194,7.7,,,,,,,
1443833075,28.43737167,122.310365,222,8.1,,,,,,,
1443833131,28.43552167,122.3092433,206,8.3,,,,,,,
1443833193,28.43369333,122.307465,222,7.9,,,,,,,
1443833265,28.43171,122.3069317,162,6.8,,,,,,,
1443833913,28.429765,122.3074983,0,0,,,,,,,
1443834163,28.42921,122.3094433,28,2.7,,,,,,,
1443834255,28.43041167,122.3077433,304,6.8,,,,,,,
1443834315,28.43195167,122.3063433,332,7.1,,,,,,,
1443835213,28.43200667,122.3082867,72,2.5,,,,,,,
1443835453,28.43368667,122.307155,304,1.7,,,,,,,
1443836746,28.43234333,122.308855,90,1.7,,,,,,,
1443837064,28.43429,122.3083433,298,2.1,,,,,,,
1443837246,28.43527667,122.3058867,286,2.5,,,,,,,
1443837439,28.43571,122.3039317,288,1.5,,,,,,,
1443837611,28.43596167,122.3059317,104,7.1,,,,,,,
1443837685,28.43507167,122.3083767,120,5.4,,,,,,,
1443838561,28.43348167,122.309765,92,2.3,,,,,,,
1443838897,28.43515,122.3085317,294,1.7,,,,,,,
1443839323,28.43615167,122.3104983,94,2.5,,,,,,,
1443841124,28.435855,122.311455,86,2.3,,,,,,,
1443841326,28.43780667,122.3106767,296,7.3,,,,,,,
1443843126,28.43877167,122.3114433,322,1.1,,,,,,,
1443843280,28.43828667,122.31341,56,6.9,,,,,,,
1443843372,28.43926,122.3153767,82,2.9,,,,,,,
1443843840,28.43845667,122.31341,260,3.3,,,,,,,
1443844116,28.436785,122.312055,204,0.9,,,,,,,
1443844304,28.43851,122.3107767,352,7.7,,,,,,,
1443844448,28.44042667,122.3119,52,2.5,,,,,,,
1443846248,28.44110667,122.3123317,0,0,,,,,,,
1443848049,28.44264667,122.3122867,0,0,,,,,,,
1443848369,28.44433,122.3136,8,7.1,,,,,,,
1443850085,28.446275,122.314155,28,3.8,,,,,,,
1443851760,28.44432167,122.3138433,114,3.6,,,,,,,
1443851974,28.447,122.3150433,0,0,,,,,,,
1443853558,28.44567667,122.3133767,194,3.3,,,,,,,
1443853654,28.44456,122.3151317,106,6.4,,,,,,,
1443854270,28.44316167,122.31351,240,1.3,,,,,,,
1443854696,28.44513167,122.314555,352,8.3,,,,,,,
1443854754,28.44695,122.31571,52,8.1,,,,,,,
1443856449,28.44815,122.3140433,238,1.7,,,,,,,
1443856685,28.44771833,122.316,40,7.1,,,,,,,
1443856807,28.44966167,122.3163217,282,2.5,,,,,,,
1443858353,28.44896833,122.314355,250,1.7,,,,,,,
1443858483,28.44895,122.312365,292,4.2,,,,,,,
1443858561,28.44848667,122.3103983,216,5.8,,,,,,,
1443858621,28.44651833,122.3098867,188,7.5,,,,,,,
1443858707,28.44383167,122.3091433,204,6.9,,,,,,,
1443858765,28.441825,122.3086867,178,7.5,,,,,,,
1443858894,28.43740667,122.30971,164,7.7,,,,,,,
1443858994,28.4348,122.3101767,178,4.6,,,,,,,
1443859134,28.43340667,122.30861,256,2.3,,,,,,,
1443860934,28.43458,122.30701,0,0,,,,,,,
1443862679,28.434265,122.305065,0,0,,,,,,,
1443863205,28.43463667,122.30701,38,2.9,,,,,,,
1443864645,28.435575,122.305065,0,0,,,,,,,
1443864981,28.43610167,122.3070317,50,4.8,,,,,,,
1443865156,28.43806,122.3064217,338,2.5,,,,,,,
1443866018,28.43753,122.3044767,0,0,,,,,,,
1443866762,28.43892167,122.3059767,340,1.3,,,,,,,
1443868562,28.43857167,122.3042,0,0,,,,,,,
1443870186,28.43862167,122.306155,80,2.3,,,,,,,
1443870316,28.4406,122.306055,10,5.4,,,,,,,
1443870424,28.44335167,122.3066,352,4.8,,,,,,,
1443870546,28.44377167,122.304655,266,0.9,,,,,,,
1443872284,28.44181833,122.304665,250,5,,,,,,,
1443873674,28.439875,122.30411,0,0,,,,,,,
1443874308,28.439985,122.306055,74,2.9,,,,,,,
1443874414,28.44130667,122.3043767,304,6.8,,,,,,,
1443876214,28.44110667,122.304665,0,0,,,,,,,
1443876780,28.44150167,122.3066217,70,1.7,,,,,,,
1443876890,28.44110667,122.30861,124,5.4,,,,,,,
1443877072,28.438555,122.3134217,116,5.8,,,,,,,
1443877170,28.43759,122.31621,102,5.4,,,,,,,
1443878614,28.435925,122.317355,0,0,,,,,,,
1443880318,28.43416,122.318465,104,1.3,,,,,,,
1443880538,28.43610667,122.3186867,340,5.2,,,,,,,
1443880604,28.43805167,122.318455,10,7.3,,,,,,,
1443880668,28.44049667,122.318765,354,8.7,,,,,,,
1443880716,28.44248167,122.3188317,12,8.9,,,,,,,
1443880866,28.44856833,122.3193983,356,9.1,,,,,,,
1443881048,28.456065,122.3190767,0,8.7,,,,,,,
1443881226,28.463335,122.318355,346,8.7,,,,,,,
1443881280,28.46533167,122.31731,322,8.9,,,,,,,
1443881330,28.46644,122.3153433,300,8.9,,,,,,,
1443881386,28.468455,122.31481,6,8.3,,,,,,,
1443881568,28.47569,122.315055,16,8.3,,,,,,,
1443881620,28.47770667,122.3153433,358,8.7,,,,,,,
1443881802,28.48494333,122.3162767,4,8.7,,,,,,,
1443881984,28.49233167,122.317055,10,8.7,,,,,,,
1443882034,28.49434,122.3172317,354,8.9,,,,,,,
1443882216,28.50186833,122.317165,2,8.7,,,,,,,
1443882398,28.5093,122.3173317,4,8.9,,,,,,,
1443882580,28.51656167,122.318165,12,8.7,,,,,,,
1443882762,28.52389,122.31911,8,8.7,,,,,,,
1443882944,28.531225,122.31991,4,8.9,,,,,,,
1443883126,28.53867667,122.3209767,8,8.7,,,,,,,
1443883308,28.54619667,122.321465,0,8.9,,,,,,,
1443883490,28.55381833,122.3205767,2,9.1,,,,,,,
1443883672,28.56147167,122.3203767,356,9.1,,,,,,,
1443883854,28.56911,122.3201767,358,8.9,,,,,,,
1443884036,28.57663667,122.3198867,352,8.9,,,,,,,
1443884208,28.583765,122.319465,10,8.7,,,,,,,
1443884272,28.58637333,122.31961,354,8.9,,,,,,,
1443884454,28.59390167,122.3195,356,8.9,,,,,,,
1443884636,28.601435,122.3196433,358,8.9,,,,,,,
1443884818,28.60894667,122.3198433,358,8.7,,,,,,,
1443885000,28.61638,122.3195767,358,8.9,,,,,,,
1443885182,28.623735,122.3190217,348,8.7,,,,,,,
1443885306,28.62881,122.318565,4,8.7,,,,,,,
1443885488,28.63617333,122.3188433,356,8.9,,,,,,,
1443885670,28.64362667,122.3186867,358,8.9,,,,,,,
1443885852,28.65091833,122.3187317,6,8.3,,,,,,,
1443886034,28.65822333,122.3185217,356,8.5,,,,,,,
1443886216,28.66545,122.318765,6,8.5,,,,,,,
1443886398,28.67264667,122.3192,4,8.5,,,,,,,
1443886580,28.679905,122.3196867,358,8.5,,,,,,,
1443886762,28.68722333,122.3196867,0,8.7,,,,,,,
1443886944,28.69444,122.31991,4,8.5,,,,,,,
1443887126,28.70158,122.3197767,0,8.5,,,,,,,
1443887308,28.70871833,122.3197217,352,8.5,,,,,,,
1443887366,28.71099333,122.3197867,6,8.1,,,,,,,
1443887546,28.71809333,122.3193983,352,8.5,,,,,,,
1443887728,28.72521167,122.3193767,4,8.5,,,,,,,
1443887910,28.73234333,122.3203317,2,8.5,,,,,,,
1443888092,28.739605,122.320755,4,8.7,,,,,,,
1443888274,28.74589667,122.321855,10,1.3,,,,,,,
1443888546,28.75736167,122.324465,0,0,,,,,,,
1443888728,28.764635,122.3253867,8,8.7,,,,,,,
1443888910,28.77182667,122.3266217,12,8.7,,,,,,,
1443889020,28.77624333,122.3271983,356,8.7,,,,,,,
1443889202,28.78358667,122.3278317,2,8.7,,,,,,,
1443889384,28.79086167,122.328755,8,8.7,,,,,,,
1443889566,28.798135,122.33001,8,8.9,,,,,,,
1443889748,28.80541,122.33061,358,8.7,,,,,,,
1443889858,28.8098,122.3311767,12,8.7,,,,,,,
1443889912,28.81195667,122.33141,358,8.7,,,,,,,
1443890044,28.81719333,122.3320433,12,8.5,,,,,,,
1443890226,28.82436167,122.3328867,358,8.3,,,,,,,
1443890408,28.831635,122.333,0,8.7,,,,,,,
1443890590,28.83873667,122.3338867,8,8.5,,,,,,,
1443890772,28.84599833,122.3344217,6,8.7,,,,,,,
1443890954,28.8532,122.3355767,4,8.7,,,,,,,
1443891136,28.86048167,122.3362217,12,8.7,,,,,,,
1443891226,28.86398,122.33641,358,8.7,,,,,,,
1443891408,28.87124667,122.3368433,0,8.7,,,,,,,
1443891476,28.87397167,122.3370867,16,8.7,,,,,,,
1443891528,28.87599333,122.33751,356,8.5,,,,,,,
1443891710,28.883275,122.3374983,356,8.7,,,,,,,
1443891810,28.88732333,122.3378867,12,8.9,,,,,,,
1443891992,28.89461833,122.3392433,8,8.9,,,,,,,
1443892174,28.90198167,122.3405217,4,9.1,,,,,,,
1443892356,28.90942167,122.3413767,4,8.9,,,,,,,
1443892538,28.9169,122.342365,2,9.1,,,,,,,
1443892720,28.92447667,122.3434433,4,9.1,,,,,,,
1443892902,28.93210667,122.3440433,356,9.1,,,,,,,
1443893084,28.93974,122.3443767,356,9.1,,,,,,,
1443893266,28.94742667,122.3445983,356,9.1,,,,,,,
1443893448,28.95509,122.344355,10,9.3,,,,,,,
1443893554,28.95956167,122.3446767,354,9.1,,,,,,,
1443893736,28.96715,122.3442317,4,9.1,,,,,,,
1443893918,28.97473167,122.3446867,352,8.9,,,,,,,
1443894100,28.98212167,122.3446217,8,8.7,,,,,,,
1443894178,28.98524333,122.3447767,352,8.7,,,,,,,
1443894228,28.98724667,122.3445767,8,8.7,,,,,,,
1443894278,28.98922333,122.344355,344,8.7,,,,,,,
1443894332,28.99139667,122.344055,0,8.7,,,,,,,
1443894438,28.99559,122.3433867,344,8.7,,,,,,,
1443894574,29.00087167,122.3424867,358,8.7,,,,,,,
1443894736,29.00731,122.3417433,344,8.5,,,,,,,
1443894918,29.01435,122.3400983,342,8.5,,,,,,,
1443895082,29.020685,122.3383767,356,8.5,,,,,,,
1443895134,29.02271833,122.3380217,342,8.7,,,,,,,
1443895184,29.02470667,122.3380217,6,8.5,,,,,,,
1443895236,29.026725,122.3376217,350,8.5,,,,,,,
1443895400,29.03312667,122.3365317,334,8.5,,,,,,,
1443895450,29.035085,122.33611,356,8.7,,,,,,,
1443895632,29.042335,122.3349767,350,8.5,,,,,,,
1443895710,29.045275,122.334155,4,8.7,,,,,,,
1443895762,29.047255,122.3336217,342,8.9,,,,,,,
1443895900,29.052655,122.3325767,358,8.5,,,,,,,
1443895976,29.05538667,122.3332317,342,8.3,,,,,,,
1443896158,29.06215,122.330555,340,8.5,,,,,,,
1443896232,29.06494333,122.3296217,356,8.3,,,,,,,
1443896414,29.07201833,122.3281317,344,8.7,,,,,,,
1443896596,29.078985,122.325455,342,8.9,,,,,,,
1443896772,29.08589,122.32351,358,8.7,,,,,,,
1443896954,29.09334333,122.3236767,350,8.7,,,,,,,
1443897136,29.10078167,122.3232433,354,8.7,,,,,,,
1443897318,29.10823,122.3229983,0,8.9,,,,,,,
1443897500,29.11581833,122.3234217,2,8.9,,,,,,,
1443897682,29.12333667,122.323455,358,9.1,,,,,,,
1443897864,29.13086,122.3240867,6,8.7,,,,,,,
1443898046,29.13838667,122.3252433,4,9.1,,,,,,,
1443898228,29.14591167,122.3262867,4,8.9,,,,,,,
1443898410,29.15325667,122.3272767,6,8.7,,,,,,,
1443898592,29.16067333,122.328665,10,9.1,,,,,,,
1443898774,29.16809333,122.3303317,8,8.9,,,,,,,
1443898956,29.17549,122.3320433,8,8.9,,,,,,,
1443899138,29.18297667,122.3335867,12,9.1,,,,,,,
1443899320,29.19047167,122.3349767,12,8.9,,,,,,,
1443899434,29.19511,122.335965,356,8.7,,,,,,,
1443899532,29.19910667,122.335855,12,9.1,,,,,,,
1443899714,29.20655167,122.3372,14,9.1,,,,,,,
1443899896,29.21386,122.339155,10,9.1,,,,,,,
1443900078,29.221275,122.3408317,2,8.9,,,,,,,
1443900154,29.22436167,122.341455,18,8.9,,,,,,,
1443900206,29.226465,122.341865,2,8.7,,,,,,,
1443900388,29.23388667,122.3431,10,8.9,,,,,,,
1443900460,29.23673667,122.3441867,24,9.1,,,,,,,
1443900510,29.23871167,122.3447217,2,8.9,,,,,,,
1443900692,29.24599333,122.3445983,354,8.5,,,,,,,
1443900770,29.249135,122.344555,10,8.9,,,,,,,
1443900952,29.25640167,122.346265,0,8.5,,,,,,,
1443901134,29.26377167,122.3472217,10,8.7,,,,,,,
1443901262,29.268815,122.3476,354,8.5,,,,,,,
1443901444,29.275965,122.347455,0,8.3,,,,,,,
1443901626,29.28307167,122.34791,356,8.1,,,,,,,
1443901808,29.29011167,122.347865,348,8.1,,,,,,,
1443901918,29.29409667,122.3466433,4,8.3,,,,,,,
1443902100,29.30101,122.3473983,358,8.1,,,,,,,
1443902282,29.307985,122.34731,358,8.1,,,,,,,
1443902464,29.31498667,122.3472317,4,8.3,,,,,,,
1443902516,29.316955,122.3471,348,8.1,,,,,,,
1443902590,29.31971167,122.3464983,4,8.3,,,,,,,
1443902664,29.32254333,122.34661,348,8.1,,,,,,,
1443902822,29.32857167,122.345955,2,8.3,,,,,,,
1443903004,29.33557667,122.3464317,0,8.3,,,,,,,
1443903062,29.33753667,122.3474867,36,8.5,,,,,,,
1443903136,29.34005667,122.3491317,20,8.1,,,,,,,
1443903190,29.34207167,122.34971,4,8.1,,,,,,,
1443903372,29.34896167,122.350765,2,8.3,,,,,,,
1443903434,29.35130667,122.351255,18,8.3,,,,,,,
1443903488,29.35331,122.3518,2,8.1,,,,,,,
1443903670,29.360215,122.352065,352,8.1,,,,,,,
1443903852,29.367115,122.3511983,356,7.5,,,,,,,
1443904034,29.374075,122.35101,350,8.1,,,,,,,
1443904190,29.38008,122.3507983,6,8.3,,,,,,,
1443904372,29.38708667,122.3515433,6,8.3,,,,,,,
1443904554,29.39406,122.351865,2,8.1,,,,,,,
1443904736,29.401085,122.3526867,2,8.1,,,,,,,
1443904918,29.40799667,122.353755,4,8.3,,,,,,,
1443905100,29.414935,122.3545767,8,8.3,,,,,,,
1443905282,29.42179,122.3559867,8,8.1,,,,,,,
1443905464,29.42857167,122.3573317,2,8.1,,,,,,,
1443905646,29.43527667,122.3584317,14,8.1,,,,,,,
1443905828,29.44201833,122.3594433,2,8.1,,,,,,,
1443906010,29.44878667,122.360355,6,8.1,,,,,,,
1443906192,29.45553167,122.3615317,4,7.9,,,,,,,
1443906374,29.4623,122.3624317,6,8.1,,,,,,,
1443906556,29.469065,122.3637317,12,8.1,,,,,,,
1443906610,29.47104667,122.36391,356,7.9,,,,,,,
1443906736,29.47564833,122.3639767,10,7.9,,,,,,,
1443906826,29.47889,122.364555,356,7.5,,,,,,,
1443906882,29.48090167,122.36471,12,7.9,,,,,,,
1443907064,29.4875,122.3654767,2,7.7,,,,,,,
1443907246,29.494065,122.3660433,358,7.7,,,,,,,
1443907428,29.500635,122.366455,2,7.7,,,,,,,
1443907610,29.506765,122.367155,0,4,,,,,,,
1443907700,29.51029833,122.3684217,26,3.4,,,,,,,
1443907790,29.51328667,122.3698217,10,7.7,,,,,,,
1443907866,29.51596833,122.370355,354,7.5,,,,,,,
1443907942,29.51852333,122.370655,10,7.3,,,,,,,
1443908002,29.52057167,122.37071,352,6.9,,,,,,,
1443908064,29.52225167,122.3693317,334,7.5,,,,,,,
1443908122,29.52422167,122.3689433,358,7.5,,,,,,,
1443908304,29.53077667,122.3691983,0,7.7,,,,,,,
1443908486,29.53726167,122.369865,0,7.5,,,,,,,
1443908668,29.54375,122.370455,2,7.9,,,,,,,
1443908850,29.55017667,122.37111,4,7.5,,,,,,,
1443909032,29.556585,122.3715,352,7.7,,,,,,,
1443909214,29.562925,122.3716317,358,7.5,,,,,,,
1443909396,29.56933167,122.3717317,358,7.5,,,,,,,
1443909526,29.57388667,122.3720317,12,7.7,,,,,,,
1443909666,29.57873,122.3727217,356,7.5,,,,,,,
1443909848,29.58511833,122.372765,352,7.5,,,,,,,
1443909976,29.58954333,122.3729317,6,7.3,,,,,,,
1443910066,29.59265,122.3731433,352,7.3,,,,,,,
1443910124,29.59466167,122.3730433,8,7.5,,,,,,,
1443910184,29.59663167,122.3740433,24,7.7,,,,,,,
1443910278,29.599615,122.3758,40,7.9,,,,,,,
1443910332,29.60112167,122.37721,24,7.5,,,,,,,
1443910428,29.60412667,122.3789317,6,7.3,,,,,,,
1443910610,29.61033,122.3796317,2,7.3,,,,,,,
1443910792,29.61653667,122.3797217,12,7.3,,,,,,,
1443910864,29.61901167,122.3799317,356,7.3,,,,,,,
1443911046,29.62515,122.379065,354,7.1,,,,,,,
1443911228,29.631325,122.3784433,348,7.3,,,,,,,
1443911286,29.63331,122.378355,4,7.1,,,,,,,
1443911346,29.63529667,122.3780867,342,7.1,,,,,,,
1443911434,29.63819333,122.3772767,356,7.3,,,,,,,
1443911616,29.64432167,122.3771983,348,6.9,,,,,,,
1443911798,29.650355,122.3761867,346,7.1,,,,,,,
1443911876,29.65298,122.37581,2,6.9,,,,,,,
1443911944,29.65519333,122.375665,348,7.1,,,,,,,
1443912126,29.66118167,122.37461,344,7.1,,,,,,,
1443912308,29.66708667,122.3733983,346,6.9,,,,,,,
1443912490,29.67274667,122.37161,344,6.9,,,,,,,
1443912672,29.67840667,122.369755,330,7.1,,,,,,,
1443912736,29.68036,122.3688433,352,6.9,,,,,,,
1443912917,29.68611833,122.36811,348,6.9,,,,,,,
1443913733,29.71168,122.3633433,332,6.9,,,,,,,
1443913847,29.71513,122.362055,350,6.8,,,,,,,
1443914029,29.72077333,122.360465,350,6.9,,,,,,,
1443914211,29.7268,122.35981,358,7.1,,,,,,,
1443914293,29.72947667,122.359465,342,6.8,,,,,,,
1443914365,29.731735,122.3587317,358,7.1,,,,,,,
1443914547,29.7378,122.3579433,358,7.1,,,,,,,
1443914729,29.743865,122.35731,356,7.1,,,,,,,
1443914895,29.74932667,122.355855,340,7.3,,,,,,,
1443915077,29.754425,122.35391,0,0,,,,,,,
1443915111,29.75640667,122.352955,334,7.3,,,,,,,
1443915185,29.75896167,122.3520867,350,7.9,,,,,,,
1443915241,29.76093667,122.3514433,334,7.9,,,,,,,
1443915423,29.766855,122.347555,330,8.3,,,,,,,
1443915605,29.77279667,122.3437767,328,7.5,,,,,,,
1443915787,29.77847667,122.34041,334,7.5,,,,,,,
1443915969,29.784105,122.3374983,336,7.3,,,,,,,
1443916151,29.7897,122.3344867,326,7.3,,,,,,,
1443916271,29.793365,122.3325217,342,7.1,,,,,,,
1443916452,29.79914667,122.3303217,344,7.3,,,,,,,
1443916634,29.80521833,122.3284317,348,7.3,,,,,,,
1443916816,29.81114333,122.3266217,344,7.1,,,,,,,
1443916998,29.816985,122.3250767,344,7.1,,,,,,,
1443917110,29.82057333,122.3243317,358,7.3,,,,,,,
1443917168,29.82255167,122.3238433,340,7.7,,,,,,,
1443917350,29.82901,122.3204433,332,9.1,,,,,,,
1443917418,29.83124833,122.31871,316,7.3,,,,,,,
1443917600,29.83562667,122.3142867,320,7.3,,,,,,,
1443917782,29.84013667,122.3091433,310,7.7,,,,,,,
1443917964,29.84424333,122.3035767,306,7.5,,,,,,,
1443918146,29.84837167,122.2976217,308,7.9,,,,,,,
1443918328,29.85224333,122.290965,298,8.3,,,,,,,
1443918510,29.85613167,122.2838983,304,8.7,,,,,,,
1443918648,29.8595,122.2789217,318,8.5,,,,,,,
1443918750,29.86259667,122.2762983,334,7.9,,,,,,,
1443918932,29.86776,122.27351,344,4.6,,,,,,,
1443920733,29.86912667,122.2732433,0,0,,,,,,,
1443922533,29.86912167,122.2732217,0,0,,,,,,,
1443924334,29.86894333,122.273565,128,2.7,,,,,,,
1443926134,29.86864667,122.2730433,0,0,,,,,,,
1443927935,29.86865667,122.2730433,0,0,,,,,,,
1443928449,29.866705,122.27331,154,7.1,,,,,,,
1443928599,29.861705,122.2758867,138,6,,,,,,,
1443928773,29.85741833,122.281,122,7.7,,,,,,,
1443928823,29.856875,122.283,106,7.5,,,,,,,
1443929005,29.85481833,122.290755,100,7.7,,,,,,,
1443929153,29.85410667,122.2944,114,1.5,,,,,,,
1443930151,29.85333667,122.29241,288,9.7,,,,,,,
1443930333,29.85652167,122.2837217,300,8.9,,,,,,,
1443930515,29.86105167,122.2764317,298,9.1,,,,,,,
1443930615,29.862885,122.2720867,284,9.3,,,,,,,
1443930715,29.86327167,122.267065,268,9.1,,,,,,,
1443930763,29.86323667,122.2649317,284,7.5,,,,,,,
1443930882,29.86519,122.2648767,42,3.3,,,,,,,
1443932682,29.86461167,122.2651767,0,0,,,,,,,
1443934482,29.86461,122.2651767,0,0,,,,,,,
1443946027,29.86475167,122.2652433,0,0,,,,,,,
1443951875,29.86464,122.2651,0,0,,,,,,,
1443951876,29.864455,122.2650217,0,0,,,,,,,
1443951878,29.864555,122.2652217,0,0,,,,,,,
1443953677,29.86466167,122.265165,0,0,,,,,,,
1443953961,29.863535,122.266955,150,6.9,,,,,,,
1443954023,29.86139,122.2676767,166,8.3,,,,,,,
1443954075,29.85970667,122.2690867,128,9.3,,,,,,,
1443954256,29.855405,122.2768217,120,9.9,,,,,,,
1443954438,29.851235,122.284555,116,9.1,,,,,,,
1443954620,29.84788167,122.292755,112,9.3,,,,,,,
1443954802,29.84449333,122.3003217,116,9.1,,,,,,,
1443954984,29.84040167,122.3084433,126,9.1,,,,,,,
1443955166,29.83552333,122.315365,136,9.7,,,,,,,
1443955348,29.827855,122.3211983,148,10.1,,,,,,,
1443955530,29.82035167,122.3261867,148,9.9,,,,,,,
1443955700,29.81319667,122.3298317,164,9.7,,,,,,,
1443955750,29.81134667,122.331,134,8.5,,,,,,,
1443955896,29.805955,122.334065,164,9.3,,,,,,,
1443955897,29.80599667,122.3340433,0,0,,,,,,,
1443955903,29.80556,122.33391,162,0.7,,,,,,,
1443956078,29.798225,122.3369767,162,9.7,,,,,,,
1443956260,29.79014333,122.3387983,166,9.7,,,,,,,
1443956442,29.782055,122.3410767,158,9.9,,,,,,,
1443956624,29.77412667,122.3436217,162,9.5,,,,,,,
1443956805,29.76654333,122.3453433,170,9.3,,,,,,,
1443956987,29.75878667,122.34691,168,9.3,,,,,,,
1443957169,29.75095667,122.348755,164,9.5,,,,,,,
1443957351,29.743225,122.351355,160,9.7,,,,,,,
1443957533,29.73506,122.354155,164,10.1,,,,,,,
1443957715,29.72666167,122.3564767,166,10.3,,,,,,,
1443957897,29.71806833,122.3580433,172,10.3,,,,,,,
1443958079,29.70930667,122.359065,170,10.4,,,,,,,
1443958261,29.70050667,122.3608,170,10.6,,,,,,,
1443958443,29.69156167,122.36251,172,10.6,,,,,,,
1443958625,29.68267667,122.3639433,172,10.4,,,,,,,
1443958807,29.67429,122.365765,166,9.9,,,,,,,
1443958989,29.666155,122.3677317,162,9.9,,,,,,,
1443959171,29.658005,122.369955,174,9.9,,,,,,,
1443959353,29.649785,122.3718767,172,9.9,,,,,,,
1443959510,29.64267333,122.3733767,186,9.7,,,,,,,
1443959554,29.640715,122.3732217,172,9.7,,,,,,,
1443959736,29.63255667,122.3752767,174,9.9,,,,,,,
1443959918,29.624415,122.3772217,174,9.5,,,,,,,
1443960100,29.61627667,122.379455,168,10.1,,,,,,,
1443960282,29.60794333,122.3813983,170,9.9,,,,,,,
1443960464,29.599755,122.3831867,172,9.9,,,,,,,
1443960646,29.59139667,122.3840217,172,9.7,,,,,,,
1443960828,29.583315,122.385155,164,9.3,,,,,,,
1443961010,29.575455,122.3867,168,9.5,,,,,,,
1443961192,29.567535,122.387955,166,9.3,,,,,,,
1443961280,29.56365667,122.388265,182,9.5,,,,,,,
1443961442,29.55658167,122.3886433,168,9.3,,,,,,,
1443961624,29.54890667,122.3901317,168,9.3,,,,,,,
1443961806,29.54123,122.3913867,164,8.9,,,,,,,
1443961872,29.538535,122.3921217,180,9.3,,,,,,,
1443961962,29.53478167,122.3926767,164,8.7,,,,,,,
1443962012,29.53271167,122.3931433,180,9.3,,,,,,,
1443962114,29.528335,122.3934867,164,8.9,,,,,,,
1443962164,29.52633167,122.3940767,182,9.1,,,,,,,
1443962346,29.518475,122.39411,176,9.3,,,,,,,
1443962398,29.51631,122.394465,160,8.7,,,,,,,
1443962446,29.514365,122.3947867,184,9.1,,,,,,,
1443962536,29.51056833,122.3948,168,8.7,,,,,,,
1443962718,29.50301167,122.3958433,178,9.3,,,,,,,
1443962766,29.50106833,122.3962867,150,8.3,,,,,,,
1443962816,29.499065,122.3966767,184,9.3,,,,,,,
1443962864,29.497055,122.396955,162,9.3,,,,,,,
1443962908,29.495065,122.3972,180,9.9,,,,,,,
1443963090,29.48671167,122.3974433,184,9.7,,,,,,,
1443963184,29.48233667,122.397965,168,9.9,,,,,,,
1443963228,29.480315,122.398,188,10.1,,,,,,,
1443963274,29.47834333,122.3984,160,9.5,,,,,,,
1443963322,29.476315,122.39791,192,9.5,,,,,,,
1443963366,29.47432167,122.3979,170,9.7,,,,,,,
1443963548,29.46595667,122.39861,178,10.1,,,,,,,
1443963730,29.457365,122.398565,178,10.1,,,,,,,
1443963912,29.44863667,122.399055,176,10.4,,,,,,,
1443964094,29.44006833,122.4001767,180,10.3,,,,,,,
1443964200,29.434975,122.400555,166,10.3,,,,,,,
1443964382,29.42641,122.401865,166,9.9,,,,,,,
1443964462,29.42271,122.40231,180,10.1,,,,,,,
1443964634,29.41461167,122.4020317,164,10.1,,,,,,,
1443964682,29.41236833,122.4023433,180,10.3,,,,,,,
1443964786,29.40754667,122.4027317,164,9.7,,,,,,,
1443964868,29.40382667,122.403565,180,9.9,,,,,,,
1443965050,29.39532167,122.403965,168,10.1,,,,,,,
1443965092,29.39336833,122.4038867,186,10.1,,,,,,,
1443965168,29.38979333,122.4039317,172,9.9,,,,,,,
1443965210,29.38783167,122.4038217,188,10.1,,,,,,,
1443965252,29.385875,122.40371,174,9.7,,,,,,,
1443965354,29.381225,122.4040317,188,9.9,,,,,,,
1443965472,29.37597167,122.4036433,172,9.3,,,,,,,
1443965654,29.36806,122.404165,174,9.3,,,,,,,
1443965836,29.36014667,122.404965,176,9.7,,,,,,,
1443966018,29.35217167,122.405555,176,9.5,,,,,,,
1443966200,29.344215,122.4061,172,9.3,,,,,,,
1443966382,29.33625167,122.4067867,176,9.5,,,,,,,
1443966564,29.32831167,122.40731,178,9.5,,,,,,,
1443966724,29.321235,122.408,162,9.3,,,,,,,
1443966770,29.31924,122.408165,178,9.5,,,,,,,
1443966952,29.31145667,122.40841,182,9.1,,,,,,,
1443967134,29.303785,122.4084433,178,9.3,,,,,,,
1443967316,29.29610667,122.4082217,180,9.1,,,,,,,
1443967498,29.28848,122.4084,176,9.1,,,,,,,
1443967680,29.280875,122.4083,180,9.1,,,,,,,
1443967862,29.27318167,122.4083,176,9.1,,,,,,,
1443968044,29.265555,122.408955,174,8.9,,,,,,,
1443968226,29.257715,122.4087867,176,9.3,,,,,,,
1443968408,29.25001167,122.4092,178,9.1,,,,,,,
1443968590,29.2423,122.4093767,180,9.1,,,,,,,
1443968772,29.23446167,122.4090217,188,9.5,,,,,,,
1443968954,29.22651833,122.4064,196,9.7,,,,,,,
1443969084,29.22092167,122.4054317,180,9.1,,,,,,,
1443969266,29.21316,122.4047,184,8.7,,,,,,,
1443969448,29.205825,122.4046217,178,8.7,,,,,,,
1443969630,29.19884,122.4056867,164,8.3,,,,,,,
1443969736,29.19479667,122.4062767,178,8.3,,,,,,,
1443969918,29.18784667,122.4069317,172,8.3,,,,,,,
1443970100,29.18107667,122.408465,166,8.1,,,,,,,
1443970282,29.17441167,122.4102867,164,8.1,,,,,,,
1443970372,29.170975,122.410755,180,8.1,,,,,,,
1443970554,29.163975,122.4106867,188,8.3,,,,,,,
1443970634,29.160925,122.410355,204,8.3,,,,,,,
1443970700,29.15856167,122.4092767,186,8.1,,,,,,,
1443970784,29.155385,122.4087867,170,8.1,,,,,,,
1443970956,29.148855,122.4107983,152,8.5,,,,,,,
1443971138,29.14206,122.4136433,164,8.5,,,,,,,
1443971320,29.13500667,122.4155767,170,8.7,,,,,,,
1443971502,29.12779333,122.4174317,162,8.7,,,,,,,
1443971684,29.12052667,122.4189867,164,8.5,,,,,,,
1443971826,29.114785,122.419965,180,8.9,,,,,,,
1443972008,29.10719,122.419955,186,9.1,,,,,,,
1443972190,29.09954667,122.41891,184,9.1,,,,,,,
1443972292,29.09525667,122.4187317,168,9.1,,,,,,,
1443972474,29.087925,122.4209,166,9.1,,,,,,,
1443972656,29.08041167,122.4225433,172,8.9,,,,,,,
1443972838,29.072815,122.4236317,170,8.9,,,,,,,
1443973020,29.06519,122.424855,166,8.9,,,,,,,
1443973202,29.05776833,122.4266,168,8.9,,,,,,,
1443973274,29.05464,122.4267767,184,9.3,,,,,,,
1443973444,29.04730667,122.4270867,168,9.1,,,,,,,
1443973626,29.039525,122.4281317,176,9.1,,,,,,,
1443973808,29.031605,122.4288217,176,9.3,,,,,,,
1443973990,29.02349333,122.4290433,174,9.5,,,,,,,
1443974172,29.015505,122.4290433,182,9.5,,,,,,,
1443974286,29.01052167,122.42931,166,9.3,,,,,,,
1443974468,29.00266167,122.43031,176,9.3,,,,,,,
1443974650,28.994785,122.431055,180,9.3,,,,,,,
1443974832,28.986965,122.4316217,174,9.3,,,,,,,
1443975014,28.97912333,122.4325317,170,9.1,,,,,,,
1443975196,28.971105,122.4332,174,9.3,,,,,,,
1443975378,28.96341,122.43361,164,8.3,,,,,,,
1443975428,28.96141,122.4336433,182,8.5,,,,,,,
1443975610,28.95408,122.433755,176,8.5,,,,,,,
1443975660,28.952085,122.433555,190,8.5,,,,,,,
1443975842,28.944855,122.4323317,188,8.5,,,,,,,
1443975920,28.941755,122.4322433,172,8.3,,,,,,,
1443976102,28.934665,122.433155,180,8.5,,,,,,,
1443976204,28.93063667,122.433265,166,8.5,,,,,,,
1443976386,28.923585,122.43471,166,8.3,,,,,,,
1443976568,28.91653,122.4358217,178,8.3,,,,,,,
1443976750,28.909465,122.4363767,172,8.3,,,,,,,
1443976872,28.90470167,122.436555,190,8.5,,,,,,,
1443977054,28.89764,122.435355,178,8.1,,,,,,,
1443977170,28.89318167,122.4356767,162,7.9,,,,,,,
1443977226,28.891155,122.4361433,178,7.9,,,,,,,
1443977282,28.88908,122.4364217,162,7.7,,,,,,,
1443977344,28.8871,122.4374433,128,7.5,,,,,,,
1443977474,28.8848,122.44191,112,7.3,,,,,,,
1443977524,28.88442167,122.44391,88,7.1,,,,,,,
1443977706,28.88458667,122.450455,98,3.4,,,,,,,
1443979303,28.88292167,122.4492,0,0,,,,,,,
1443980470,28.88181,122.4473767,0,0,,,,,,,
1443981606,28.88068167,122.44571,0,0,,,,,,,
1443983252,28.87929333,122.4442317,0,0,,,,,,,
1443984674,28.87735,122.4444,0,0,,,,,,,
1443986474,28.87550667,122.4453433,0,0,,,,,,,
1443988194,28.87374833,122.446665,0,0,,,,,,,
1443989229,28.87226,122.448065,0,0,,,,,,,
1443990453,28.87066167,122.449465,0,0,,,,,,,
1443991375,28.86878,122.4505767,0,0,,,,,,,
1443991635,28.86680667,122.45131,186,6.2,,,,,,,
1443991817,28.86085667,122.4494767,182,8.3,,,,,,,
1443991999,28.85360667,122.4491867,178,8.3,,,,,,,
1443992121,28.84882167,122.449065,194,8.1,,,,,,,
1443992175,28.846735,122.448955,178,8.3,,,,,,,
1443992357,28.83958667,122.4487767,182,8.5,,,,,,,
1443992427,28.83683,122.448465,198,8.5,,,,,,,
1443992481,28.83512333,122.4471,220,7.9,,,,,,,
1443992535,28.83312667,122.4469867,170,8.5,,,,,,,
1443992587,28.831155,122.447455,156,8.1,,,,,,,
1443992697,28.82694333,122.44941,172,9.1,,,,,,,
1443992878,28.81975167,122.4502867,182,8.5,,,,,,,
1443993016,28.81424333,122.45071,166,8.5,,,,,,,
1443993198,28.80698,122.4520317,172,8.7,,,,,,,
1443993380,28.799635,122.4524433,182,8.5,,,,,,,
1443993562,28.792255,122.4516767,182,8.7,,,,,,,
1443993668,28.78803,122.4511217,198,8.3,,,,,,,
1443993850,28.78080667,122.44961,188,8.7,,,,,,,
1443993932,28.778905,122.47501,32,7.9,,,,,,,
1443994032,28.77360167,122.447665,192,8.7,,,,,,,
1443994200,28.76696833,122.44571,208,8.7,,,,,,,
1443994252,28.76499,122.4449317,188,8.7,,,,,,,
1443994434,28.75760667,122.4437,188,8.9,,,,,,,
1443994608,28.75079,122.4414867,204,8.7,,,,,,,
1443994790,28.74393,122.43831,210,8.7,,,,,,,
1443994898,28.73984667,122.4362867,194,8.9,,,,,,,
1443995004,28.735665,122.434555,210,9.1,,,,,,,
1443995186,28.728785,122.4312433,204,8.3,,,,,,,
1443995368,28.72222667,122.427955,212,8.5,,,,,,,
1443995422,28.720265,122.4270433,192,8.5,,,,,,,
1443995604,28.715985,122.4255,194,2.7,,,,,,,
1443996178,28.71404,122.4253433,164,1.3,,,,,,,
1443996677,28.71598667,122.426265,0,0,,,,,,,
1443997351,28.714035,122.426465,178,4.6,,,,,,,
1443997423,28.71204,122.4258217,212,6.9,,,,,,,
1443997479,28.71080167,122.4241317,240,7.5,,,,,,,
1443997533,28.70935667,122.4226433,202,7.9,,,,,,,
1443997715,28.70261,122.4199217,212,8.5,,,,,,,
1443997881,28.69656167,122.4168867,196,8.5,,,,,,,
1443997933,28.69450667,122.416565,178,8.7,,,,,,,
1443998017,28.69115167,122.416065,192,8.7,,,,,,,
1443998167,28.78221167,122.4783767,48,8.7,,,,,,,
1443998199,28.68397667,122.414565,188,8.3,,,,,,,
1443998381,28.67678667,122.4132,184,8.7,,,,,,,
1443998563,28.66966833,122.4119433,200,8.5,,,,,,,
1443998745,28.66315667,122.408265,204,8.7,,,,,,,
1443998927,28.65666167,122.40441,206,8.7,,,,,,,
1443999109,28.65044667,122.39971,218,8.9,,,,,,,
1443999291,28.64435667,122.394955,224,8.7,,,,,,,
1443999473,28.639435,122.390165,222,7.1,,,,,,,
1443999541,28.63801833,122.38841,204,6,,,,,,,
1443999625,28.63653,122.387,278,4.6,,,,,,,
1443999923,28.63848,122.3867317,38,4.8,,,,,,,
1443999991,28.63884,122.3887317,80,6.6,,,,,,,
1444000054,28.63989,122.3906867,46,7.9,,,,,,,
1444000106,28.64015167,122.392655,102,7.5,,,,,,,
1444000154,28.64015167,122.394665,86,7.9,,,,,,,
1444000218,28.64091833,122.3968767,50,1.9,,,,,,,
1444000280,28.64288667,122.3979317,28,7.9,,,,,,,
1444000462,28.64862167,122.4021767,38,8.1,,,,,,,
1444000644,28.654055,122.4069317,38,8.1,,,,,,,
1444000784,28.657965,122.410855,54,7.9,,,,,,,
1444000924,28.66116,122.415555,38,8.1,,,,,,,
1444001022,28.66395,122.4182433,56,8.1,,,,,,,
1444001074,28.66487167,122.4202,72,8.1,,,,,,,
1444001122,28.665225,122.422165,92,8.1,,,,,,,
1444001174,28.66443667,122.424165,120,7.5,,,,,,,
1444001228,28.66311167,122.4258867,138,8.1,,,,,,,
1444001282,28.66171167,122.4274217,122,7.5,,,,,,,
1444001334,28.66103667,122.4293767,100,7.3,,,,,,,
1444001386,28.66109,122.4314767,84,7.9,,,,,,,
1444001448,28.661235,122.434065,100,7.9,,,,,,,
1444001574,28.66004,122.4392433,116,7.7,,,,,,,
1444001692,28.65815167,122.443555,98,7.9,,,,,,,
1444001744,28.657355,122.4455317,128,7.9,,,,,,,
1444001800,28.65618167,122.4474433,114,7.9,,,,,,,
1444001880,28.65489667,122.4504,128,8.1,,,,,,,
1444001938,28.65335167,122.4521767,146,8.1,,,,,,,
1444002038,28.65016,122.454455,162,7.9,,,,,,,
1444002403,28.78294,122.479265,38,8.5,,,,,,,
1444002839,28.66599667,122.46061,348,8.5,,,,,,,
1444003021,28.673075,122.4599867,356,8.3,,,,,,,
1444003203,28.68000667,122.4594433,358,8.3,,,,,,,
1444003385,28.68695,122.4594433,6,8.1,,,,,,,
1444003495,28.69114,122.4596867,350,8.1,,,,,,,
1444003555,28.6934,122.459665,6,7.9,,,,,,,
1444003737,28.700135,122.4604433,0,8.1,,,,,,,
1444003919,28.70713667,122.4603,356,8.3,,,,,,,
1444004101,28.714175,122.4599767,352,8.1,,,,,,,
1444004179,28.71707167,122.459355,10,8.1,,,,,,,
1444004235,28.71907667,122.4592433,342,8.1,,,,,,,
1444004289,28.72103,122.459355,2,7.7,,,,,,,
1444004367,28.72384833,122.45921,348,7.7,,,,,,,
1444004427,28.72608667,122.4589317,2,7.9,,,,,,,
1444004609,28.73275167,122.4590433,2,7.7,,,,,,,
1444004747,28.73783167,122.4593433,346,7.5,,,,,,,
1444004801,28.73979667,122.4592433,8,7.7,,,,,,,
1444004913,28.74382167,122.4592867,354,6.9,,,,,,,
1444004981,28.745785,122.4593767,16,5.4,,,,,,,
1444005055,28.747465,122.4581,322,7.7,,,,,,,
1444005749,28.75493667,122.4535767,240,5.2,,,,,,,
1444005831,28.756355,122.4520867,338,6.2,,,,,,,
1444005901,28.758315,122.4521317,14,6,,,,,,,
1444005979,28.76026,122.45311,38,5.8,,,,,,,
1444006043,28.76140667,122.4548217,54,6.8,,,,,,,
1444006225,28.76446167,122.4603317,62,6.8,,,,,,,
1444006407,28.76732667,122.4660317,54,6.8,,,,,,,
1444006489,28.76902167,122.4682867,40,6.9,,,,,,,
1444006551,28.770335,122.4700217,54,7.1,,,,,,,
1444006638,28.78537667,122.4808433,24,8.5,,,,,,,
1444006681,28.7713,122.472055,70,1.3,,,,,,,
1444007568,28.76991,122.4690867,0,0,,,,,,,
1444008841,28.76696833,122.462515,250,0,,,,,,,
1444009204,28.766415,122.4608,246,0.9,,,,,,,
1444009566,28.765705,122.458855,238,1.1,,,,,,,
1444010015,28.76765667,122.45931,58,4.6,,,,,,,
1444010197,28.77088667,122.4638217,46,6.9,,,,,,,
1444010379,28.77480667,122.4689767,46,7.5,,,,,,,
1444010873,28.791635,122.4833767,8,8.7,,,,,,,
1444010946,28.79358667,122.4832867,324,4.2,,,,,,,
1444011138,28.794985,122.4818317,322,1.5,,,,,,,
1444011458,28.79649,122.4804433,266,0.9,,,,,,,
1444011732,28.79788167,122.4789317,310,1.7,,,,,,,
1444012044,28.79895,122.4769767,296,1.1,,,,,,,
1444012306,28.80010667,122.47531,318,1.5,,,,,,,
1444012612,28.80178,122.473955,344,1.5,,,,,,,
1444012896,28.80326833,122.472555,308,1.3,,,,,,,
1444013176,28.80465667,122.4710217,336,1.3,,,,,,,
1444013470,28.80590167,122.469355,284,0.9,,,,,,,
1444013728,28.806515,122.46741,286,1.5,,,,,,,
1444013938,28.80689,122.465465,290,1.7,,,,,,,
1444014156,28.807275,122.4635217,278,2.3,,,,,,,
1444014423,28.807225,122.4615767,272,1.7,,,,,,,
1444014615,28.807575,122.4596317,338,4.6,,,,,,,
1444014693,28.80870167,122.4616217,74,7.3,,,,,,,
1444014781,28.809615,122.4649217,58,7.5,,,,,,,
1444014837,28.81038167,122.4669217,80,7.5,,,,,,,
1444014883,28.810225,122.4688767,100,7.9,,,,,,,
1444014965,28.809365,122.47231,116,8.5,,,,,,,
1444015039,28.807655,122.4749,130,8.3,,,,,,,
1444015103,28.80624333,122.4763,102,4.2,,,,,,,
1444015332,28.80763167,122.4746217,290,2.1,,,,,,,
1444015534,28.80803667,122.472665,292,1.9,,,,,,,
1444015740,28.8084,122.47071,280,1.7,,,,,,,
1444015950,28.80879333,122.468765,276,1.5,,,,,,,
1444016168,28.80944667,122.4668217,296,1.9,,,,,,,
1444016384,28.80995167,122.464855,280,2.3,,,,,,,
1444016630,28.81024667,122.4628867,284,1.3,,,,,,,
1444016948,28.810125,122.4609317,252,0.9,,,,,,,
1444017290,28.808965,122.4626217,140,5.8,,,,,,,
1444017360,28.80821167,122.464565,98,6.2,,,,,,,
1444017432,28.8076,122.467065,114,6.8,,,,,,,
1444017566,28.805235,122.4715767,128,7.5,,,,,,,
1444017748,28.80065167,122.4763317,124,7.1,,,,,,,
1444017909,28.79853167,122.47941,138,7.5,,,,,,,
1444018091,28.794865,122.4829767,144,2.1,,,,,,,
1444018605,28.79291833,122.4823317,0,0,,,,,,,
1444018974,28.79179333,122.48061,182,2.5,,,,,,,
1444019122,28.79318167,122.479165,10,6.6,,,,,,,
1444019188,28.795155,122.479455,30,5.2,,,,,,,
1444019810,28.79432667,122.4814,90,2.3,,,,,,,
1444019982,28.79573,122.4798433,306,7.9,,,,,,,
1444020748,28.79719,122.4784433,332,5,,,,,,,
1444021605,28.799135,122.4787217,60,1.1,,,,,,,
1444022295,28.798,122.477,264,7.9,,,,,,,
1444023058,28.799125,122.475065,312,5,,,,,,,
1444023141,28.80539333,122.462855,232,1.3,,,,,,,
1444024646,28.800905,122.473955,318,5,,,,,,,
1444026174,28.802865,122.474665,358,5.6,,,,,,,
1444026246,28.80484,122.4750433,24,5.6,,,,,,,
1444026402,28.80819667,122.4768,42,4,,,,,,,
1444026690,28.80624,122.4768867,222,1.5,,,,,,,
1444026868,28.80429,122.4758867,176,3.1,,,,,,,
1444027078,28.80203167,122.4755217,0,0,,,,,,,
1444027186,28.80211833,122.473565,292,6.4,,,,,,,
1444027306,28.80380167,122.472455,12,2.1,,,,,,,
1444027490,28.80679333,122.464265,28,1.7,,,,,,,
1444027890,28.80185667,122.4722433,0,0,,,,,,,
1444028150,28.80381833,122.4728433,346,3.8,,,,,,,
1444029950,28.80402167,122.4710867,0,0,,,,,,,
1444030212,28.805965,122.471265,22,1.1,,,,,,,
1444031640,28.8043,122.4701433,218,4.6,,,,,,,
1444031802,28.80625,122.4697217,354,1.7,,,,,,,
1444031840,28.807975,122.4659317,64,4.2,,,,,,,
1444033602,28.80524667,122.4681,0,0,,,,,,,
1444035402,28.80648,122.4677317,82,0.9,,,,,,,
1444036189,28.80820167,122.466765,72,3.8,,,,,,,
1444036201,28.804535,122.4673,196,1.1,,,,,,,
1444036890,28.80648,122.4667433,356,3.3,,,,,,,
1444038068,28.80625,122.4648,238,2.9,,,,,,,
1444040538,28.806255,122.4672217,188,2.3,,,,,,,
1444040686,28.80431,122.466555,222,2.9,,,,,,,
1444040852,28.80283667,122.4648867,244,2.1,,,,,,,
1444041084,28.80172667,122.463155,236,1.3,,,,,,,
1444041384,28.80367667,122.4637,28,6.2,,,,,,,
1444041466,28.80561167,122.462565,324,5.6,,,,,,,
1444042632,28.806725,122.4607867,14,2.5,,,,,,,
1444042795,28.80142167,122.4676867,196,1.5,,,,,,,
1444042870,28.80849,122.4619,48,2.7,,,,,,,
1444042996,28.809105,122.4638433,76,2.5,,,,,,,
1444043221,28.80907667,122.4657867,130,3.6,,,,,,,
1444044090,28.80865,122.4638433,268,1.1,,,,,,,
1444044856,28.80885167,122.4657867,80,2.1,,,,,,,
1444046518,28.80690167,122.4652767,192,3.6,,,,,,,
1444046626,28.805375,122.463865,248,3.4,,,,,,,
1444046871,28.804885,122.4618767,0,0,,,,,,,
1444047221,28.80141,122.4676867,178,1.1,,,,,,,
1444047253,28.804255,122.4599317,336,1.5,,,,,,,
1444047357,28.80541833,122.4616217,64,5.6,,,,,,,
1444047501,28.80754667,122.4649767,80,4,,,,,,,
1444047616,28.80828167,122.468465,64,1.7,,,,,,,
1444048360,28.80812667,122.4665217,0,0,,,,,,,
1444049089,28.80891,122.4684867,128,3.8,,,,,,,
1444049279,28.80746167,122.4698867,146,1.3,,,,,,,
1444051079,28.807275,122.4714317,284,0.9,,,,,,,
1444051647,28.799465,122.4671317,0,0,,,,,,,
1444052879,28.80676,122.4726,0,0,,,,,,,
1444054680,28.80650667,122.474065,0,0,,,,,,,
1444056073,28.79826167,122.4654433,276,2.3,,,,,,,
1444056481,28.807275,122.4743767,0,0,,,,,,,
1444058281,28.80675,122.4756217,0,0,,,,,,,
1444058724,28.80550667,122.4739217,278,3.3,,,,,,,
1444058836,28.80446,122.471955,224,4.4,,,,,,,
1444059018,28.80255,122.4695,238,2.3,,,,,,,
1444060499,28.79829333,122.4634867,256,2.5,,,,,,,
1444060693,28.797675,122.4615317,256,1.5,,,,,,,
1444060897,28.79705167,122.459565,248,1.7,,,,,,,
1444061167,28.79661167,122.4576217,240,1.5,,,,,,,
1444061419,28.794875,122.45651,192,2.1,,,,,,,
1444061669,28.793755,122.4548433,282,2.3,,,,,,,
1444061873,28.79360167,122.4528767,282,2.5,,,,,,,
1444062073,28.793475,122.45091,254,2.1,,,,,,,
1444062269,28.79333167,122.448955,264,1.3,,,,,,,
1444062523,28.79306167,122.447,266,1.3,,,,,,,
1444062791,28.792425,122.4450433,0,0,,,,,,,
1444063289,28.79133667,122.4431,260,1.3,,,,,,,
1444063541,28.793015,122.4442317,72,3.3,,,,,,,
1444063810,28.79285,122.4461867,84,3.3,,,,,,,
1444063942,28.7933,122.449155,66,4.2,,,,,,,
1444064124,28.79466167,122.453055,72,4.4,,,,,,,
1444064258,28.795685,122.455855,56,3.6,,,,,,,
1444064440,28.79747167,122.4592867,56,4,,,,,,,
1444064622,28.79945667,122.4626217,56,4.2,,,,,,,
1444064804,28.801125,122.46631,62,4,,,,,,,
1444064986,28.80258167,122.4700433,66,4.4,,,,,,,
1444065168,28.80368,122.4739767,70,4.2,,,,,,,
1444065350,28.804625,122.4777767,72,4.4,,,,,,,
1444065532,28.80572667,122.4814867,72,4.2,,,,,,,
1444065662,28.80613,122.4837867,90,2.5,,,,,,,
1444065940,28.806675,122.4818433,246,1.7,,,,,,,
1444066094,28.806315,122.479865,268,2.1,,,,,,,
1444066312,28.80625,122.4778867,252,2.7,,,,,,,
1444066500,28.80485,122.4765,218,2.3,,,,,,,
1444066664,28.804115,122.474555,254,3.1,,,,,,,
1444066846,28.803555,122.4719317,258,2.1,,,,,,,
1444067002,28.803625,122.469965,280,1.9,,,,,,,
1444067110,28.80411833,122.4680217,236,5.4,,,,,,,
1444067222,28.80206,122.465055,220,5.2,,,,,,,
1444067323,28.800115,122.464155,204,3.6,,,,,,,
1444067917,28.79817167,122.4635433,0,0,,,,,,,
1444069717,28.79820667,122.4623767,0,0,,,,,,,
1444071517,28.79806833,122.4626,0,0,,,,,,,
1444073317,28.79809333,122.4625433,0,0,,,,,,,
1444075117,28.79791833,122.4629317,0,0,,,,,,,
1444076917,28.79789833,122.463555,0,0,,,,,,,
1444078717,28.79805167,122.4640767,0,0,,,,,,,
1444080517,28.79811,122.46411,0,0,,,,,,,
1444082317,28.79802167,122.463965,0,0,,,,,,,
1444084117,28.79805,122.4640217,0,0,,,,,,,
1444085917,28.79791833,122.4636,0,0,,,,,,,
1444087717,28.79794667,122.463655,0,0,,,,,,,
1444089517,28.79793,122.4635217,0,0,,,,,,,
1444091317,28.79788167,122.4632767,0,0,,,,,,,
1444091839,28.79933667,122.4646767,88,3.8,,,,,,,
1444091939,28.80105167,122.4659767,16,5.4,,,,,,,
1444092121,28.80606833,122.4672433,6,6,,,,,,,
1444092191,28.80804,122.4669867,348,6,,,,,,,
1444092271,28.81036,122.4670433,2,6.6,,,,,,,
1444092453,28.81567167,122.4673,356,6.4,,,,,,,
1444092575,28.81914333,122.4672217,340,5.4,,,,,,,
1444092735,28.823515,122.465665,356,6.2,,,,,,,
1444092803,28.825475,122.4660433,18,6.4,,,,,,,
1444092985,28.83052333,122.4680767,20,6.6,,,,,,,
1444093057,28.83251167,122.468755,2,6,,,,,,,
1444093173,28.83585667,122.4697867,20,6.6,,,,,,,
1444093355,28.84084333,122.4724217,26,6.6,,,,,,,
1444093537,28.84595,122.4748317,16,6.6,,,,,,,
1444093633,28.84862167,122.476155,32,6.8,,,,,,,
1444093815,28.853305,122.4795317,26,6.8,,,,,,,
1444093997,28.858315,122.48231,16,6.8,,,,,,,
1444094137,28.86219667,122.484155,32,6.9,,,,,,,
1444094273,28.86609,122.4867767,18,6.9,,,,,,,
1444094275,28.86606167,122.4867767,16,6.8,,,,,,,
1444094455,28.87188667,122.4897433,20,8.1,,,,,,,
1444094637,28.87800667,122.4927767,22,8.1,,,,,,,
1444094777,28.88274667,122.494955,36,7.7,,,,,,,
1444094911,28.88655667,122.4981867,52,7.5,,,,,,,
1444094973,28.88793667,122.5001,38,7.7,,,,,,,
1444095155,28.89304333,122.5046317,38,7.9,,,,,,,
1444095337,28.89790667,122.5096217,40,7.5,,,,,,,
1444095519,28.902485,122.514755,38,7.7,,,,,,,
1444095701,28.907435,122.5195,40,7.3,,,,,,,
1444095883,28.91243,122.5235317,28,6.9,,,,,,,
1444095963,28.91456,122.525,44,6.8,,,,,,,
1444096144,28.91845167,122.53001,52,6.9,,,,,,,
1444096326,28.922115,122.535465,58,7.1,,,,,,,
1444096508,28.92541167,122.54071,50,6.4,,,,,,,
1444096690,28.92895667,122.545555,54,6.6,,,,,,,
1444096866,28.93171,122.5506433,40,6.4,,,,,,,
1444096978,28.93398167,122.5535317,54,6.9,,,,,,,
1444097042,28.934965,122.5556317,70,6.9,,,,,,,
1444097128,28.93605167,122.5584867,54,6.8,,,,,,,
1444097310,28.93960167,122.5638433,52,6.9,,,,,,,
1444097392,28.94120667,122.56631,68,6.8,,,,,,,
1444097454,28.94216,122.5683433,52,7.3,,,,,,,
1444097636,28.945405,122.5739217,54,6.8,,,,,,,
1444097792,28.94795167,122.5786867,70,6.9,,,,,,,
1444097850,28.94874333,122.5806317,54,6.9,,,,,,,
1444097956,28.95103167,122.583465,40,6.9,,,,,,,
1444098082,28.95389833,122.5867,54,6.9,,,,,,,
1444098254,28.95682167,122.5912433,72,2.9,,,,,,,
1444098662,28.95523667,122.589855,230,1.7,,,,,,,
1444099020,28.95389667,122.591555,80,4.2,,,,,,,
1444099202,28.95400167,122.5937983,72,5,,,,,,,
1444099274,28.9548,122.59591,56,6.8,,,,,,,
1444099332,28.95612667,122.5975767,36,7.3,,,,,,,
1444099514,28.96088167,122.602065,48,6.9,,,,,,,
1444099616,28.963175,122.604865,32,7.3,,,,,,,
1444099742,28.96664333,122.6069317,16,6.6,,,,,,,
1444099924,28.971425,122.608655,12,2.7,,,,,,,
1444100508,28.96947167,122.6077,220,1.5,,,,,,,
1444101526,28.971415,122.60781,24,0.9,,,,,,,
1444101700,28.97203167,122.609765,144,2.1,,,,,,,
1444102136,28.973155,122.6115767,40,7.1,,,,,,,
1444102316,28.97832667,122.6150867,24,6.9,,,,,,,
1444102412,28.98113167,122.6167317,40,6.2,,,,,,,
1444102482,28.97989667,122.6184433,148,8.1,,,,,,,
1444102536,28.97790167,122.6191983,166,8.5,,,,,,,
1444102718,28.970815,122.6205867,168,7.3,,,,,,,
1444102918,28.969985,122.618065,0,0,,,,,,,
1444103148,28.97051833,122.61611,300,1.7,,,,,,,
1444103422,28.97104667,122.614155,274,0.9,,,,,,,
1444103686,28.97216167,122.6124433,308,1.3,,,,,,,
1444103946,28.97344667,122.6107767,0,0,,,,,,,
1444104242,28.97456167,122.6088983,318,1.7,,,,,,,
1444104582,28.97558667,122.6069433,288,0.9,,,,,,,
1444104900,28.97580667,122.6049767,244,1.7,,,,,,,
1444105202,28.97489667,122.6030217,252,1.3,,,,,,,
1444105438,28.97507167,122.601065,306,1.5,,,,,,,
1444105614,28.97311167,122.60161,118,7.5,,,,,,,
1444105796,28.97059833,122.60841,106,7.5,,,,,,,
1444105854,28.97023,122.610355,76,4.2,,,,,,,
1444106112,28.97129,122.60841,294,2.3,,,,,,,
1444106336,28.9718,122.606465,304,1.9,,,,,,,
1444106598,28.972015,122.6045217,296,1.3,,,,,,,
1444106822,28.972375,122.602565,294,1.9,,,,,,,
1444107088,28.97276,122.6006217,282,1.5,,,,,,,
1444107342,28.97270667,122.5986767,292,2.3,,,,,,,
1444107464,28.97388667,122.6004,80,6.9,,,,,,,
1444107646,28.97459,122.607355,90,7.5,,,,,,,
1444107828,28.97391,122.6145317,100,7.7,,,,,,,
1444107952,28.97363667,122.6170867,114,1.1,,,,,,,
1444108378,28.97252333,122.6154217,0,0,,,,,,,
1444108764,28.97143667,122.6134767,246,1.3,,,,,,,
1444109138,28.97032167,122.611555,242,1.1,,,,,,,
1444109484,28.96920667,122.609765,228,1.1,,,,,,,
1444109802,28.96808667,122.608065,232,1.1,,,,,,,
1444110148,28.96697667,122.6062983,240,1.1,,,,,,,
1444110512,28.96588,122.6043433,254,1.5,,,,,,,
1444110752,28.96610167,122.6063317,60,6.9,,,,,,,
1444110934,28.96880667,122.612565,54,7.7,,,,,,,
1444111012,28.969905,122.6153433,68,7.5,,,,,,,
1444111158,28.970905,122.6184217,84,1.9,,,,,,,
1444111890,28.96971167,122.6167,258,7.5,,,,,,,
1444112830,28.97102667,122.615,312,6.2,,,,,,,
1444113726,28.97159,122.6130317,298,8.3,,,,,,,
1444115346,28.97068,122.6149867,62,2.3,,,,,,,
1444115478,28.971865,122.6132433,276,7.5,,,,,,,
1444115528,28.97215,122.6112217,292,7.3,,,,,,,
1444116364,28.97412667,122.6101767,352,5.2,,,,,,,
1444117160,28.97269,122.6115767,52,2.9,,,,,,,
1444117262,28.97389667,122.6098767,288,7.1,,,,,,,
1444117336,28.975035,122.608055,8,3.8,,,,,,,
1444118082,28.97379667,122.6097317,58,2.5,,,,,,,
1444118198,28.97468,122.6077317,278,6.8,,,,,,,
1444119144,28.97663,122.6075983,70,2.5,,,,,,,
1444120944,28.975625,122.60671,0,0,,,,,,,
1444122171,28.97758167,122.6064433,300,7.3,,,,,,,
1444122235,28.97751167,122.6044867,208,4.8,,,,,,,
1444123207,28.97639333,122.602765,154,3.1,,,,,,,
1444124089,28.97472333,122.6040317,92,2.9,,,,,,,
1444124201,28.97511167,122.6059767,74,3.4,,,,,,,
1444124315,28.97475667,122.6079217,110,3.4,,,,,,,
1444124453,28.973865,122.609865,92,1.3,,,,,,,
1444125348,28.97218167,122.6112217,178,3.1,,,,,,,
1444126568,28.971955,122.6092767,0,0,,,,,,,
1444127288,28.97220667,122.6073317,0,0,,,,,,,
1444128569,28.97256833,122.6053867,0,0,,,,,,,
1444129581,28.97289333,122.6034433,0,0,,,,,,,
1444130527,28.97299667,122.6014983,0,0,,,,,,,
1444130917,28.971035,122.6013983,210,5,,,,,,,
1444130981,28.97037167,122.5993983,272,6.9,,,,,,,
1444131053,28.97079833,122.596665,288,7.3,,,,,,,
1444131221,28.97328,122.5906433,304,7.3,,,,,,,
1444131277,28.97416833,122.5886867,290,7.5,,,,,,,
1444131459,28.97678,122.581265,292,8.5,,,,,,,
1444131591,28.97930667,122.5760217,306,8.3,,,,,,,
1444131643,28.98070667,122.5743433,324,8.3,,,,,,,
1444131705,28.982715,122.5730317,310,7.9,,,,,,,
1444131753,28.98344,122.571065,286,8.7,,,,,,,
1444131797,28.983615,122.5690867,268,8.7,,,,,,,
1444131851,28.9833,122.5671217,246,5.4,,,,,,,
1444132142,28.981355,122.5666317,0,0,,,,,,,
1444133942,28.98056167,122.565865,0,0,,,,,,,
1444135743,28.98057167,122.565855,0,0,,,,,,,
1444137543,28.98059333,122.5658867,0,0,,,,,,,
1444139343,28.98048167,122.5659767,0,0,,,,,,,
1444141143,28.98044667,122.565955,0,0,,,,,,,
1444142943,28.980455,122.56591,0,0,,,,,,,
1444144743,28.98049,122.5658867,0,0,,,,,,,
1444146543,28.980585,122.5658317,0,0,,,,,,,
1444148343,28.98070667,122.5657317,0,0,,,,,,,
1444150143,28.98123167,122.5668217,30,1.5,,,,,,,
1444150663,28.979885,122.565155,232,2.1,,,,,,,
1444150911,28.97849333,122.5636867,196,0.9,,,,,,,
1444151309,28.97706833,122.5623,230,0.9,,,,,,,
1444151535,28.97511167,122.5618433,210,2.7,,,,,,,
1444151717,28.973325,122.5607217,204,1.9,,,,,,,
1444151907,28.97150667,122.5595983,214,2.9,,,,,,,
1444152131,28.970115,122.557955,218,1.5,,,,,,,
1444152521,28.96909333,122.559955,92,6.2,,,,,,,
1444152581,28.968515,122.5619,118,6.8,,,,,,,
1444152643,28.96804333,122.5638867,92,6.4,,,,,,,
1444152825,28.96743,122.5661433,0,0,,,,,,,
1444154625,28.96706167,122.5652767,0,0,,,,,,,
1444156425,28.96703,122.565,0,0,,,,,,,
1444158225,28.96703,122.56481,0,0,,,,,,,
1444160025,28.96703667,122.56471,0,0,,,,,,,
1444161825,28.967135,122.56461,0,0,,,,,,,
1444163155,28.96909,122.565365,344,7.1,,,,,,,
1444163229,28.97181167,122.5646,330,8.5,,,,,,,
1444163277,28.97325,122.563165,314,8.7,,,,,,,
1444163377,28.97597167,122.5598867,300,8.7,,,,,,,
1444163423,28.97650167,122.5578767,284,9.1,,,,,,,
1444163605,28.97823667,122.5495767,258,8.3,,,,,,,
1444163691,28.97698,122.5462433,272,8.9,,,,,,,
1444163735,28.97754333,122.544265,300,8.9,,,,,,,
1444163785,28.97894833,122.542555,316,8.7,,,,,,,
1444163841,28.98078,122.540965,332,8.9,,,,,,,
1444164023,28.98701,122.536455,324,8.7,,,,,,,
1444164205,28.99291,122.5313433,328,8.7,,,,,,,
1444164379,28.99840167,122.5263767,314,8.7,,,,,,,
1444164527,29.00266,122.5217767,298,8.7,,,,,,,
1444164577,29.00366833,122.5198217,314,8.7,,,,,,,
1444164719,29.006365,122.5168217,294,2.9,,,,,,,
1444164999,29.008315,122.5160767,358,1.1,,,,,,,
1444165299,29.01026,122.5159317,340,1.9,,,,,,,
1444165599,29.01220667,122.515,338,1.9,,,,,,,
1444165923,29.014155,122.5140767,308,1.5,,,,,,,
1444166199,29.01582167,122.51281,314,1.5,,,,,,,
1444166529,29.01734833,122.5114217,326,0.9,,,,,,,
1444166831,29.01930167,122.5106217,340,2.1,,,,,,,
1444167161,29.02124667,122.5101217,8,0.9,,,,,,,
1444167485,29.0232,122.509765,348,1.1,,,,,,,
1444167785,29.02515167,122.5094,4,1.5,,,,,,,
1444168037,29.02711,122.5093867,310,2.7,,,,,,,
1444168397,29.02516,122.5095867,140,7.3,,,,,,,
1444168523,29.02157167,122.5129867,156,7.9,,,,,,,
1444168705,29.01538,122.5162867,160,8.1,,,,,,,
1444168811,29.01175167,122.51811,146,6.6,,,,,,,
1444170611,29.013105,122.517755,0,0,,,,,,,
1444172411,29.01313,122.5160767,0,0,,,,,,,
1444173579,29.014565,122.5145,0,5.6,,,,,,,
1444173663,29.01651167,122.51451,52,6,,,,,,,
1444174063,29.01771167,122.5128433,0,0,,,,,,,
1444174747,29.01649667,122.514555,74,8.1,,,,,,,
1444178039,29.00945667,122.5180317,8,4.8,,,,,,,
1444179387,29.00966833,122.5160867,0,0,,,,,,,
1444181029,29.011625,122.5151767,30,1.5,,,,,,,
1444182829,29.01253667,122.5158867,0,0,,,,,,,
1444184597,29.01332667,122.5139433,0,0,,,,,,,
1444185113,29.01531,122.5132433,328,5.4,,,,,,,
1444186615,29.01743,122.5114433,296,1.1,,,,,,,
1444188415,29.01772667,122.5100217,0,0,,,,,,,
1444189180,29.01983,122.5096433,306,2.7,,,,,,,
1444190250,29.02095,122.5078767,350,3.4,,,,,,,
1444191032,29.02058667,122.5098317,82,1.5,,,,,,,
1444191168,29.02147667,122.5078867,298,6.9,,,,,,,
1444191933,29.022255,122.5098433,96,2.1,,,,,,,
1444192041,29.02233,122.507865,248,7.9,,,,,,,
1444193049,29.02345167,122.5096433,22,2.3,,,,,,,
1444193157,29.02418667,122.5077,256,5.2,,,,,,,
1444194166,29.02558,122.5091317,320,3.8,,,,,,,
1444194262,29.02446833,122.5074,180,5.8,,,,,,,
1444194340,29.02279667,122.5085867,136,5.6,,,,,,,
1444194408,29.02084667,122.509255,176,6.8,,,,,,,
1444194486,29.019205,122.5106767,122,5.8,,,,,,,
1444194668,29.01614,122.515765,118,7.1,,,,,,,
1444194776,29.01442667,122.5193217,102,6.9,,,,,,,
1444194832,29.01461167,122.5213217,68,6.8,,,,,,,
1444194896,29.01595167,122.523,32,7.1,,,,,,,
1444194974,29.01811,122.5244433,48,6.9,,,,,,,
1444195036,29.018715,122.5264317,78,6.2,,,,,,,
1444195106,29.01761167,122.5283767,144,7.3,,,,,,,
1444195170,29.0156,122.5294767,160,7.7,,,,,,,
1444195224,29.01364,122.5299,182,8.7,,,,,,,
1444195298,29.01063667,122.53001,166,8.7,,,,,,,
1444195480,29.00358,122.531965,176,8.7,,,,,,,
1444195558,29.00041167,122.5324217,162,8.5,,,,,,,
1444195626,28.99818167,122.533965,146,7.9,,,,,,,
1444195808,28.99202667,122.5379867,156,8.5,,,,,,,
1444195990,28.98513167,122.541065,150,8.5,,,,,,,
1444196064,28.98243167,122.54231,166,8.3,,,,,,,
1444196246,28.97519333,122.5434433,168,8.3,,,,,,,
1444196392,28.97023167,122.5451317,152,4.6,,,,,,,
1444196744,28.97219,122.5455867,348,1.3,,,,,,,
1444197191,28.97414333,122.5450867,338,0.9,,,,,,,
1444197459,28.97609333,122.5450867,2,1.5,,,,,,,
1444197749,28.97804,122.545065,0,0,,,,,,,
1444198077,28.979985,122.5452,16,1.1,,,,,,,
1444198459,28.98193167,122.5453433,352,0.9,,,,,,,
1444198831,28.98388,122.54571,306,0.9,,,,,,,
1444199279,28.98505167,122.5473767,88,3.1,,,,,,,
1444199465,28.98484333,122.5454217,302,4.2,,,,,,,
1444199571,28.98453167,122.543465,204,3.6,,,,,,,
1444199677,28.98257333,122.5431767,140,4,,,,,,,
1444199745,28.98189333,122.545165,110,6.6,,,,,,,
1444199885,28.98093,122.547665,92,1.3,,,,,,,
1444200782,28.98161833,122.54571,0,0,,,,,,,
1444201292,28.982505,122.543765,330,0.9,,,,,,,
1444201814,28.98301167,122.5418217,0,0,,,,,,,
1444202274,28.984405,122.5403767,46,3.6,,,,,,,
1444202352,28.98295167,122.541765,172,7.3,,,,,,,
1444202410,28.98096167,122.542465,156,7.7,,,,,,,
1444202494,28.978585,122.543265,136,4.6,,,,,,,
1444203212,28.97699,122.544665,106,1.3,,,,,,,
1444203400,28.97501833,122.54551,202,7.7,,,,,,,
1444203476,28.972515,122.5445433,186,5.8,,,,,,,
1444204135,28.970565,122.5453433,152,2.1,,,,,,,
1444204333,28.972335,122.5442217,308,9.1,,,,,,,
1444204397,28.97404667,122.5419433,326,8.3,,,,,,,
1444205183,28.97374833,122.5438867,22,3.8,,,,,,,
1444205875,28.97290667,122.5458433,130,1.7,,,,,,,
1444206053,28.97486167,122.5468867,356,5.4,,,,,,,
1444206127,28.976535,122.545555,286,5.4,,,,,,,
1444207874,28.97820667,122.5441317,342,7.3,,,,,,,
1444207938,28.98016,122.5440433,32,5.4,,,,,,,
1444208580,28.97820667,122.544465,174,2.1,,,,,,,
1444208736,28.97933667,122.5461983,0,6.8,,,,,,,
1444208800,28.981315,122.546155,322,5.6,,,,,,,
1444209618,28.97962667,122.544955,174,2.3,,,,,,,
1444209760,28.98161,122.5448217,344,8.3,,,,,,,
1444209898,28.98681,122.5428867,0,8.1,,,,,,,
1444210984,28.98513,122.544055,146,2.9,,,,,,,
1444211098,28.98332667,122.5456217,164,4.8,,,,,,,
1444211762,28.98138167,122.54531,176,0.9,,,,,,,
1444212026,28.98251,122.5472217,18,6.4,,,,,,,
1444212852,28.98283667,122.5452767,206,2.1,,,,,,,
1444213116,28.98148167,122.546955,104,2.7,,,,,,,
1444213416,28.97953667,122.5462983,210,1.9,,,,,,,
1444213932,28.97827667,122.5446217,280,1.3,,,,,,,
1444214746,28.977635,122.5426767,218,3.3,,,,,,,
1444214840,28.97888167,122.54101,334,6,,,,,,,
1444214912,28.98088167,122.540555,8,6.4,,,,,,,
1444214986,28.982555,122.5419217,42,6.4,,,,,,,
1444215130,28.985535,122.54471,22,4.6,,,,,,,
1444215342,28.98595167,122.546665,110,1.9,,,,,,,
1444216214,28.98400667,122.54591,132,1.9,,,,,,,
1444217246,28.98575,122.5470217,0,0,,,,,,,
1444217996,28.98769667,122.5472,0,0,,,,,,,
1444218712,28.98964,122.5469767,354,3.1,,,,,,,
1444218808,28.99114667,122.545555,292,5.6,,,,,,,
1444218968,28.99256833,122.544055,356,4.2,,,,,,,
1444219038,28.99453,122.54381,334,6,,,,,,,
1444219098,28.99596,122.54231,316,7.3,,,,,,,
1444219280,29.00069,122.53771,316,7.3,,,,,,,
1444219338,29.002415,122.5365317,338,7.5,,,,,,,
1444219436,29.005035,122.5355,352,4.2,,,,,,,
1444220268,29.006985,122.536265,0,0,,,,,,,
1444222068,29.00701167,122.5363317,0,0,,,,,,,
1444223868,29.00687167,122.5364217,0,0,,,,,,,
1444225668,29.00683667,122.5364217,0,0,,,,,,,
1444227468,29.006885,122.5363433,0,0,,,,,,,
1444229268,29.0069,122.5363767,0,0,,,,,,,
1444231068,29.007175,122.536,0,0,,,,,,,
1444232868,29.007205,122.536065,0,0,,,,,,,
1444234668,29.00731,122.5359867,0,0,,,,,,,
1444236468,29.00714333,122.53611,0,0,,,,,,,
1444238268,29.00698667,122.5362433,0,0,,,,,,,
1444240068,29.007235,122.535965,0,0,,,,,,,
1444241868,29.00734667,122.5356433,0,0,,,,,,,
1444243668,29.007305,122.5356767,0,0,,,,,,,
1444245468,29.00732167,122.5356433,0,0,,,,,,,
1444247268,29.00731167,122.5357983,0,0,,,,,,,
1444249068,29.00723,122.536,0,0,,,,,,,
1444249564,29.00583,122.5343767,230,4,,,,,,,
1444249718,29.00387167,122.5340217,154,3.6,,,,,,,
1444250026,29.00338667,122.5359867,80,3.4,,,,,,,
1444250128,29.00506167,122.5371433,14,5,,,,,,,
1444250258,29.008055,122.538155,28,6,,,,,,,
1444250338,29.01000667,122.5387217,348,5.2,,,,,,,
1444250428,29.01196833,122.5378433,334,4.2,,,,,,,
1444250610,29.01539333,122.5362767,342,5.2,,,,,,,
1444250712,29.01735167,122.536455,34,2.9,,,,,,,
1444250956,29.01879333,122.537855,28,1.9,,,,,,,
1444251194,29.02074667,122.5387767,32,1.3,,,,,,,
1444251496,29.02214,122.54041,38,0.9,,,,,,,
1444251918,29.02298667,122.5384433,284,3.1,,,,,,,
1444252720,29.02088,122.5381317,186,1.1,,,,,,,
1444252852,29.02012667,122.5401317,70,5.8,,,,,,,
1444252918,29.02125667,122.54201,52,6.9,,,,,,,
1444253100,29.025965,122.54741,42,8.1,,,,,,,
1444253282,29.03047167,122.5531767,52,8.1,,,,,,,
1444253464,29.03427167,122.5596317,56,7.9,,,,,,,
1444253632,29.037355,122.5658867,70,7.3,,,,,,,
1444253690,29.03843667,122.567865,50,7.7,,,,,,,
1444253830,29.04180667,122.5719867,34,7.1,,,,,,,
1444253884,29.04375167,122.5722317,354,8.5,,,,,,,
1444254066,29.050925,122.571565,346,8.9,,,,,,,
1444254116,29.05289,122.5716767,14,8.1,,,,,,,
1444254172,29.054735,122.5727867,34,8.1,,,,,,,
1444254228,29.05585667,122.574655,60,7.3,,,,,,,
1444254410,29.05976167,122.580365,56,7.3,,,,,,,
1444254471,29.06041833,122.58231,102,6.9,,,,,,,
1444254527,29.05986833,122.58431,118,7.1,,,,,,,
1444254583,29.05927167,122.5862767,98,7.1,,,,,,,
1444254651,29.05872667,122.5887983,114,7.1,,,,,,,
1444254739,29.05758,122.5918767,96,6.8,,,,,,,
1444254857,29.05712667,122.596255,114,6.9,,,,,,,
1444254915,29.05587667,122.5979317,134,7.1,,,,,,,
1444254975,29.05486,122.5998983,114,7.3,,,,,,,
1444255033,29.0536,122.6015767,138,7.1,,,,,,,
1444255171,29.05007167,122.6050767,124,7.1,,,,,,,
1444255233,29.04883667,122.607,140,7.1,,,,,,,
1444255295,29.04732167,122.6085767,122,7.3,,,,,,,
1444255349,29.046615,122.6105433,104,7.5,,,,,,,
1444255451,29.04618,122.61461,88,7.5,,,,,,,
1444255513,29.04639667,122.61701,74,6.8,,,,,,,
1444255601,29.04811833,122.618355,20,7.3,,,,,,,
1444255695,29.05007167,122.6176867,320,3.8,,,,,,,
1444255917,29.05202167,122.617055,352,1.7,,,,,,,
1444256171,29.053975,122.6166433,344,1.7,,,,,,,
1444256409,29.05592167,122.615965,346,1.3,,,,,,,
1444256635,29.05786833,122.615555,354,1.9,,,,,,,
1444256871,29.059815,122.6151,346,1.9,,,,,,,
1444257103,29.06176833,122.6146767,346,1.5,,,,,,,
1444257349,29.06371167,122.6140767,346,1.5,,,,,,,
1444257603,29.06567167,122.613355,350,1.7,,,,,,,
1444257897,29.067625,122.6126433,58,4.4,,,,,,,
1444257961,29.06688,122.6146,128,7.5,,,,,,,
1444258023,29.06489,122.6156867,160,7.9,,,,,,,
1444258098,29.062475,122.6170217,144,7.7,,,,,,,
1444258176,29.06020167,122.6188767,158,7.7,,,,,,,
1444258228,29.05823667,122.61881,180,7.9,,,,,,,
1444258308,29.055335,122.618565,162,7.5,,,,,,,
1444258388,29.05264667,122.6198217,144,7.5,,,,,,,
1444258806,29.05459667,122.6193217,332,1.7,,,,,,,
1444258998,29.05655,122.6189767,4,4,,,,,,,
1444259082,29.056015,122.61701,214,7.3,,,,,,,
1444259158,29.05404667,122.6165767,184,4,,,,,,,
1444259432,29.05599833,122.6155767,356,6.8,,,,,,,
1444259498,29.05823167,122.6161983,14,7.9,,,,,,,
1444259568,29.060535,122.6173767,28,7.3,,,,,,,
1444260329,29.05858667,122.6178983,0,0,,,,,,,
1444260457,29.05764667,122.619855,106,5.4,,,,,,,
1444260549,29.05783,122.62181,72,3.4,,,,,,,
1444261398,29.05585,122.622155,224,8.1,,,,,,,
1444261454,29.054415,122.6203317,242,9.1,,,,,,,
1444261502,29.05478667,122.618355,312,8.1,,,,,,,
1444261570,29.057115,122.616765,328,8.7,,,,,,,
1444261644,29.05992667,122.615765,344,8.5,,,,,,,
1444261697,29.0619,122.6155433,0,8.5,,,,,,,
1444261765,29.06341833,122.6169767,98,6.2,,,,,,,
1444261837,29.062415,122.6189317,130,4.4,,,,,,,
1444262813,29.06245,122.6169867,294,1.1,,,,,,,
1444263087,29.06358667,122.615155,310,6.2,,,,,,,
1444263147,29.065285,122.6138983,330,7.7,,,,,,,
1444263217,29.06724833,122.6129867,346,5.4,,,,,,,
1444264143,29.06611833,122.6148433,138,4,,,,,,,
1444264777,29.064165,122.6141867,118,2.3,,,,,,,
1444265634,29.06304667,122.6159767,108,3.6,,,,,,,
1444266460,29.06109,122.6168433,190,2.5,,,,,,,
1444267350,29.05914333,122.6172,160,2.1,,,,,,,
1444268250,29.05719667,122.6168433,126,5.4,,,,,,,
1444268314,29.05689,122.6188,92,6.8,,,,,,,
1444268388,29.056705,122.6213217,110,5.8,,,,,,,
1444269509,29.05503667,122.620165,0,0,,,,,,,
1444269909,29.05504333,122.62211,0,0,,,,,,,
1444270093,29.055605,122.620165,278,4.8,,,,,,,
1444270243,29.05446833,122.6183767,178,4.2,,,,,,,
1444270315,29.05334667,122.6200433,146,6.8,,,,,,,
1444270383,29.05139667,122.62071,180,5.6,,,,,,,
1444270983,29.05022167,122.6190433,184,1.3,,,,,,,
1444272173,29.05057167,122.6170867,274,3.1,,,,,,,
1444272317,29.05254,122.6172317,12,3.6,,,,,,,
1444272822,29.05449,122.617755,354,3.3,,,,,,,
1444273678,29.05310667,122.6160767,252,3.3,,,,,,,
1444273798,29.05507167,122.615865,26,5.4,,,,,,,
1444273912,29.056705,122.617265,84,3.1,,,,,,,
1444274706,29.05554,122.6155767,270,3.4,,,,,,,
1444274842,29.056705,122.6172867,102,6.6,,,,,,,
1444274978,29.05561167,122.620955,74,1.3,,,,,,,
1444275766,29.05459,122.61901,236,3.1,,,,,,,
1444275874,29.05318167,122.6174317,202,4.4,,,,,,,
1444277053,29.05380167,122.6193767,56,6.9,,,,,,,
1444277235,29.05646167,122.6248217,66,4.2,,,,,,,
1444278392,29.05846,122.6245317,16,6.9,,,,,,,
1444278638,29.06014,122.6233983,2,7.9,,,,,,,
1444278708,29.0626,122.624055,18,7.7,,,,,,,
1444278890,29.06849833,122.626355,28,6.9,,,,,,,
1444279072,29.07334667,122.6297317,40,6.8,,,,,,,
1444279254,29.07783,122.6337317,28,6.8,,,,,,,
1444279388,29.08124833,122.6366,44,6.9,,,,,,,
1444279454,29.08283,122.638065,28,6.8,,,,,,,
1444279518,29.08454,122.639265,42,6.8,,,,,,,
1444279588,29.08645667,122.6403767,28,6.9,,,,,,,
1444279770,29.09141167,122.6435317,28,6.8,,,,,,,
1444279844,29.09345667,122.64471,14,6.6,,,,,,,
1444279926,29.09573167,122.645955,30,6.8,,,,,,,
1444280108,29.10059667,122.6492867,28,6.8,,,,,,,
1444280290,29.10564,122.6523867,26,6.8,,,,,,,
1444280472,29.11073167,122.655365,28,6.6,,,,,,,
1444280632,29.11538667,122.6575317,12,6.8,,,,,,,
1444280712,29.117975,122.657865,358,6.6,,,,,,,
1444280816,29.119935,122.6576433,330,2.7,,,,,,,
1444281010,29.12188,122.6567217,344,2.5,,,,,,,
1444281124,29.12330167,122.6553217,314,4,,,,,,,
1444281306,29.12547667,122.6531867,0,0,,,,,,,
1444281458,29.13144667,122.6503433,328,1.9,,,,,,,
1444281590,29.13278167,122.6486767,292,2.5,,,,,,,
1444281702,29.13314,122.6467317,268,6,,,,,,,
1444281884,29.132925,122.64201,260,3.4,,,,,,,
1444281990,29.13260167,122.640055,246,5.4,,,,,,,
1444282140,29.13232667,122.6420217,72,6.8,,,,,,,
1444282204,29.13300167,122.6441767,88,6.9,,,,,,,
1444282260,29.13316167,122.6461217,66,6.9,,,,,,,
1444282370,29.134755,122.6497317,50,6.6,,,,,,,
1444282432,29.135925,122.6514317,72,6.8,,,,,,,
1444282614,29.13707167,122.6579433,70,6.9,,,,,,,
1444282774,29.13809,122.6635767,84,6.8,,,,,,,
1444282956,29.138535,122.670265,66,6.8,,,,,,,
1444283138,29.13996,122.6767317,78,6.9,,,,,,,
1444283250,29.14046833,122.6809217,92,7.1,,,,,,,
1444283318,29.14044833,122.6834,78,6.9,,,,,,,
1444283382,29.140705,122.685755,92,6.8,,,,,,,
1444283534,29.14102667,122.691465,78,6.8,,,,,,,
1444283588,29.14119667,122.693455,92,7.1,,,,,,,
1444283640,29.141355,122.6954217,78,7.3,,,,,,,
1444283712,29.14171167,122.698065,62,6.8,,,,,,,
1444283788,29.142625,122.7006433,80,6.9,,,,,,,
1444283840,29.14257167,122.7026,98,6.9,,,,,,,
1444283894,29.14274667,122.7045867,78,7.1,,,,,,,
1444283946,29.14272167,122.706555,96,7.5,,,,,,,
1444284128,29.14220167,122.713865,90,7.7,,,,,,,
1444284236,29.14158667,122.718265,108,7.9,,,,,,,
1444284288,29.14073167,122.7202433,124,8.1,,,,,,,
1444284356,29.13937667,122.7227217,108,8.1,,,,,,,
1444284406,29.139215,122.724665,76,7.3,,,,,,,
1444284456,29.13939,122.7266433,92,7.7,,,,,,,
1444284510,29.13979333,122.7286217,56,6.9,,,,,,,
1444284572,29.14149,122.729865,22,7.1,,,,,,,
1444284634,29.14331167,122.7309867,50,7.3,,,,,,,
1444284744,29.14523167,122.7346867,66,7.5,,,,,,,
1444284864,29.14673667,122.739065,80,7.7,,,,,,,
1444284972,29.147515,122.7432433,66,7.1,,,,,,,
1444285044,29.14878167,122.745555,50,7.1,,,,,,,
1444285128,29.15050667,122.7481867,66,7.5,,,,,,,
1444285178,29.15008,122.7501767,122,8.1,,,,,,,
1444285360,29.146275,122.7568,112,8.1,,,,,,,
1444285424,29.14537167,122.75931,96,7.7,,,,,,,
1444285480,29.14538667,122.76151,114,7.9,,,,,,,
1444285642,29.13968667,122.7650217,148,0.9,,,,,,,
1444285776,29.135355,122.768565,128,7.9,,,,,,,
1444285826,29.13523167,122.7705217,80,7.3,,,,,,,
1444285876,29.13519833,122.77251,110,7.9,,,,,,,
1444285928,29.133825,122.7741867,138,8.5,,,,,,,
1444286010,29.13164333,122.776855,122,8.3,,,,,,,
1444286154,29.128755,122.7820767,108,7.7,,,,,,,
1444286336,29.12679,122.7893317,102,7.7,,,,,,,
1444286518,29.12522167,122.796565,106,7.9,,,,,,,
1444286656,29.12317167,122.8019317,120,8.1,,,,,,,
1444286720,29.12205167,122.804355,104,7.9,,,,,,,
1444286772,29.121255,122.8063317,124,7.9,,,,,,,
1444286954,29.11778667,122.81291,124,8.1,,,,,,,
1444287112,29.11413167,122.8182433,108,7.7,,,,,,,
1444287164,29.11338667,122.82021,124,7.7,,,,,,,
1444287274,29.11062167,122.82371,140,8.1,,,,,,,
1444287456,29.10486167,122.828465,148,8.3,,,,,,,
1444287638,29.09850667,122.83201,158,8.5,,,,,,,
1444287820,29.09346167,122.8344433,0,0,,,,,,,
1444287930,29.08748167,122.835965,162,4,,,,,,,
1444288044,29.08333167,122.837755,176,8.7,,,,,,,
1444288142,29.07931833,122.83771,192,8.9,,,,,,,
1444288256,29.07464333,122.8365317,176,8.5,,,,,,,
1444288382,29.06958167,122.8372,160,7.9,,,,,,,
1444288476,29.066255,122.8385767,176,8.5,,,,,,,
1444288568,29.062535,122.83831,190,9.1,,,,,,,
1444288698,29.057375,122.8366317,212,7.9,,,,,,,
1444288766,29.05577167,122.8352217,252,6,,,,,,,
1444288836,29.05625,122.833265,276,6.4,,,,,,,
1444288946,29.05638167,122.8313,292,1.7,,,,,,,
1444289074,29.0571,122.82931,266,6.4,,,,,,,
1444289144,29.05515167,122.8285767,160,7.1,,,,,,,
1444289206,29.053285,122.8296983,142,7.3,,,,,,,
1444289350,29.049625,122.832955,162,5,,,,,,,
1444289466,29.048455,122.8312767,262,2.5,,,,,,,
1444289618,29.04881833,122.8293317,286,1.9,,,,,,,
1444289800,29.049305,122.8272217,280,2.1,,,,,,,
1444289996,29.049285,122.8252767,282,2.1,,,,,,,
1444290216,29.04903,122.8233317,278,1.7,,,,,,,
1444290402,29.04916,122.8213867,284,2.1,,,,,,,
1444290594,29.04936,122.8194317,272,2.1,,,,,,,
1444290806,29.04922167,122.8174867,264,1.7,,,,,,,
1444291354,29.05043667,122.8158217,274,2.1,,,,,,,
1444291544,29.05041167,122.813865,264,2.3,,,,,,,
1444291742,29.050485,122.81191,244,0.9,,,,,,,
1444291932,29.05049333,122.809955,270,1.7,,,,,,,
1444292122,29.0506,122.8079767,298,4,,,,,,,
1444292282,29.05227167,122.8092217,10,2.5,,,,,,,
1444292418,29.05113167,122.8074217,178,5,,,,,,,
1444292506,29.05074333,122.8094217,74,6.8,,,,,,,
1444292582,29.050865,122.812255,88,6.9,,,,,,,
1444292694,29.05094,122.8164217,72,7.1,,,,,,,
1444292746,29.051025,122.8183767,90,7.1,,,,,,,
1444292830,29.050705,122.8214433,106,6.8,,,,,,,
1444292894,29.05046833,122.8233867,88,4,,,,,,,
1444293546,29.049275,122.8250767,70,2.3,,,,,,,
1444293694,29.05006167,122.82751,86,4.4,,,,,,,
1444294300,29.04835,122.8286217,74,2.1,,,,,,,
1444294582,29.05002667,122.8299317,46,2.5,,,,,,,
1444295458,29.04869,122.8316,82,2.3,,,,,,,
1444295614,29.04700667,122.8303217,232,6.2,,,,,,,
1444295678,29.04758667,122.8283767,322,6.9,,,,,,,
1444295764,29.04964333,122.826265,306,7.5,,,,,,,
1444295816,29.05034,122.8242867,276,7.9,,,,,,,
1444295998,29.05100167,122.81671,276,7.9,,,,,,,
1444296054,29.05172333,122.814755,332,5.8,,,,,,,
1444296226,29.05268167,122.81671,94,5.2,,,,,,,
1444296298,29.05268167,122.8187317,80,5.6,,,,,,,
1444296362,29.052525,122.8207,104,5.6,,,,,,,
1444296494,29.05118167,122.8244433,128,5.6,,,,,,,
1444296592,29.050735,122.8263983,96,2.5,,,,,,,
1444297406,29.04944,122.8246867,266,7.3,,,,,,,
1444297458,29.04990667,122.8227,308,6.6,,,,,,,
1444298364,29.05023,122.820755,314,6.2,,,,,,,
1444299290,29.050165,122.8188,276,7.1,,,,,,,
1444300270,29.051115,122.81681,284,6.4,,,,,,,
1444301370,29.05164,122.81481,292,6.6,,,,,,,
1444302410,29.05282167,122.81311,240,4.8,,,,,,,
1444302960,29.05136833,122.81171,0,0,,,,,,,
1444303334,29.05312667,122.8105767,260,5.4,,,,,,,
1444303966,29.05148,122.8091767,0,0,,,,,,,
1444304322,29.05345667,122.809565,338,3.4,,,,,,,
1444304504,29.05625,122.8083317,328,4,,,,,,,
1444304792,29.05810167,122.80721,282,1.1,,,,,,,
1444305060,29.05615,122.8065433,192,1.7,,,,,,,
1444305536,29.057285,122.8083317,26,2.9,,,,,,,
1444305708,29.05901,122.809455,44,2.3,,,,,,,
1444305966,29.06096,122.80991,346,0.9,,,,,,,
1444306502,29.05957167,122.81131,50,1.9,,,,,,,
1444306624,29.06153,122.8122433,12,5.2,,,,,,,
1444306718,29.064035,122.812665,358,5.6,,,,,,,
1444306816,29.066575,122.8120433,342,5.6,,,,,,,
1444306908,29.06803167,122.8106433,282,3.1,,,,,,,
1444307046,29.06783167,122.808655,242,4.6,,,,,,,
1444307130,29.06656167,122.8064217,228,4.8,,,,,,,
1444307278,29.06500667,122.8045767,208,5.6,,,,,,,
1444307366,29.06387667,122.8062433,82,5.8,,,,,,,
1444307460,29.06478,122.8081867,54,1.7,,,,,,,
1444309260,29.06400667,122.806765,0,0,,,,,,,
1444311060,29.06350667,122.8066433,0,0,,,,,,,
1444312860,29.06322167,122.8063767,0,0,,,,,,,
1444314660,29.062005,122.806555,0,0,,,,,,,
1444316460,29.061575,122.8059867,0,0,,,,,,,
1444318260,29.06083167,122.8056767,0,0,,,,,,,
1444320060,29.05938667,122.8048317,0,0,,,,,,,
1444321860,29.058115,122.804,0,0,,,,,,,
1444323660,29.056525,122.80311,0,0,,,,,,,
1444325460,29.05491167,122.8021,0,0,,,,,,,
1444327260,29.053465,122.8008,0,0,,,,,,,
1444329061,29.05249,122.7995433,0,0,,,,,,,
1444330862,29.05168167,122.79851,0,0,,,,,,,
1444332662,29.05088,122.7973,0,0,,,,,,,
1444334463,29.05038,122.796565,0,0,,,,,,,
1444336263,29.04965167,122.795765,0,0,,,,,,,
1444338064,29.04893167,122.7943317,0,0,,,,,,,
